image_id,image_path,class_name,class_id,original_filename,width,height,channels,file_hash,fold
img_nuinsseg_000001,data/raw/nuinsseg_human_22_original/human_tissue_image-bladder/human_bladder_01.png,bladder,0,human_bladder_01.png,512,512,3,bc59dd2d355ae947381154cf74880ba8f5bdd7e4e8f3813d5bb0601829b2d4c4,4
img_nuinsseg_000002,data/raw/nuinsseg_human_22_original/human_tissue_image-bladder/human_bladder_02.png,bladder,0,human_bladder_02.png,512,512,3,061b4b58b8d81859f8d8b2a9fb1ef84cd2f149a250b9633003a63e59a094429d,3
img_nuinsseg_000003,data/raw/nuinsseg_human_22_original/human_tissue_image-bladder/human_bladder_03.png,bladder,0,human_bladder_03.png,512,512,3,7542c1c6dc3ec73de58714c6ea269b4be609ad73ae65f2c1a969f1fbfaf83a70,0
img_nuinsseg_000004,data/raw/nuinsseg_human_22_original/human_tissue_image-bladder/human_bladder_04.png,bladder,0,human_bladder_04.png,512,512,3,f14e850cdae1b8f8a1acb179f32da3e8e38444f30d9e8b584e751053ca587f22,3
img_nuinsseg_000005,data/raw/nuinsseg_human_22_original/human_tissue_image-bladder/human_bladder_05.png,bladder,0,human_bladder_05.png,512,512,3,6a148216dd8081c683a54622a1cff0b4ce9aab1dc0749074f5128804e977bd3a,1
img_nuinsseg_000006,data/raw/nuinsseg_human_22_original/human_tissue_image-bladder/human_bladder_06.png,bladder,0,human_bladder_06.png,512,512,3,5edb1041b6725bd1fb357a178c6581d40bbcf0787c9e35edb70f7d87d851bc39,0
img_nuinsseg_000007,data/raw/nuinsseg_human_22_original/human_tissue_image-bladder/human_bladder_07.png,bladder,0,human_bladder_07.png,512,512,3,0e8f9dbc504d2b680fdefde637d8cc5966c5d5d7297f2b9912f6539dd08dba53,0
img_nuinsseg_000008,data/raw/nuinsseg_human_22_original/human_tissue_image-bladder/human_bladder_08.png,bladder,0,human_bladder_08.png,512,512,3,84d23615b9d8e28beda9d4ed676e69c3405708435c4c2242bc114918505142ba,4
img_nuinsseg_000009,data/raw/nuinsseg_human_22_original/human_tissue_image-bladder/human_bladder_09.png,bladder,0,human_bladder_09.png,512,512,3,b257dbd6ca7dca7f9c97e8d298c8954a493f87c19086190ae5e4169c0159bb8a,1
img_nuinsseg_000010,data/raw/nuinsseg_human_22_original/human_tissue_image-bladder/human_bladder_10.png,bladder,0,human_bladder_10.png,512,512,3,723c8078fe4ebbc95aac69e07390a942025c5ec5dae1e4a07709212e9d844f2a,2
img_nuinsseg_000011,data/raw/nuinsseg_human_22_original/human_tissue_image-bladder/human_bladder_11.png,bladder,0,human_bladder_11.png,512,512,3,478023db587427673a8a269b4f996f09e98419e36faba0e1e13f3010d84ba8c9,1
img_nuinsseg_000012,data/raw/nuinsseg_human_22_original/human_tissue_image-bladder/human_bladder_12.png,bladder,0,human_bladder_12.png,512,512,3,2f923e1688dd20256b08cfa3c87919fcb3db92fd8c44b4c3c7da8e75e559e2ff,2
img_nuinsseg_000013,data/raw/nuinsseg_human_22_original/human_tissue_image-brain/human_brain_1.png,brain,1,human_brain_1.png,512,512,3,9e5bcba3ea5deb5982fb6ec12a40813bb329203030f1be4bd34f5acc589aaa47,4
img_nuinsseg_000014,data/raw/nuinsseg_human_22_original/human_tissue_image-brain/human_brain_10.png,brain,1,human_brain_10.png,512,512,3,665cf2987ca22b037296b3bfacd14a79f30af94c3830405ce1c50e509d9435bc,3
img_nuinsseg_000015,data/raw/nuinsseg_human_22_original/human_tissue_image-brain/human_brain_11.png,brain,1,human_brain_11.png,512,512,3,e37e4091529074441c0beca0f27ad1e08e74179d40aec0fd7b5e9cba6d6d7d44,0
img_nuinsseg_000016,data/raw/nuinsseg_human_22_original/human_tissue_image-brain/human_brain_12.png,brain,1,human_brain_12.png,512,512,3,8f9c5e1a87e2ec1fe9e7c81d1d89b17fcc8cbb057150ba8aff4b7e57e458f255,3
img_nuinsseg_000017,data/raw/nuinsseg_human_22_original/human_tissue_image-brain/human_brain_2.png,brain,1,human_brain_2.png,512,512,3,9ad2d55cf1aad5b2764847cf38f80a48e6d5252656f077207024abdef12530af,2
img_nuinsseg_000018,data/raw/nuinsseg_human_22_original/human_tissue_image-brain/human_brain_3.png,brain,1,human_brain_3.png,512,512,3,d757339dac058d5e8de22af1a71de5943398d68876cfa1d03ea6bbb8dd1ebe18,1
img_nuinsseg_000019,data/raw/nuinsseg_human_22_original/human_tissue_image-brain/human_brain_4.png,brain,1,human_brain_4.png,512,512,3,a5dee84a405ac22335ac2754899d670db31ee8fd654b6f2b647db5cf1b97b10a,0
img_nuinsseg_000020,data/raw/nuinsseg_human_22_original/human_tissue_image-brain/human_brain_5.png,brain,1,human_brain_5.png,512,512,3,857104acdd16f55f5d0eac75c5590335a078e2e1a1df5e560d8c8743a01b6a49,2
img_nuinsseg_000021,data/raw/nuinsseg_human_22_original/human_tissue_image-brain/human_brain_6.png,brain,1,human_brain_6.png,512,512,3,ad22314e1d0e322e5b6ab42bf8616f2a3bf79d5326061b4c003edf682e88ee65,2
img_nuinsseg_000022,data/raw/nuinsseg_human_22_original/human_tissue_image-brain/human_brain_7.png,brain,1,human_brain_7.png,512,512,3,adb9b071bf627c87d71418cc2781541e6b3cfe49006dd616937f2532446cfe10,1
img_nuinsseg_000023,data/raw/nuinsseg_human_22_original/human_tissue_image-brain/human_brain_8.png,brain,1,human_brain_8.png,512,512,3,f841cbc38c8677b427f2d98de027cdf2616a40f25ce07036c426811dd471968c,4
img_nuinsseg_000024,data/raw/nuinsseg_human_22_original/human_tissue_image-brain/human_brain_9.png,brain,1,human_brain_9.png,512,512,3,57ef8c86389c7a4d8f82ded09e8cabfb0df7ffbadaa9513cbd1174662b8a4f55,3
img_nuinsseg_000025,data/raw/nuinsseg_human_22_original/human_tissue_image-cardia/human_cardia_1.png,cardia,2,human_cardia_1.png,512,512,3,ebd85012468b3e63d44fc852b49fdb6d054d0c4091a38d78ea2479e7a60dc8b0,3
img_nuinsseg_000026,data/raw/nuinsseg_human_22_original/human_tissue_image-cardia/human_cardia_10.png,cardia,2,human_cardia_10.png,512,512,3,fd462cf1070b45e2b7f3d30b0cafee34bc1ba553e757aea87c7a147efe891824,1
img_nuinsseg_000027,data/raw/nuinsseg_human_22_original/human_tissue_image-cardia/human_cardia_11.png,cardia,2,human_cardia_11.png,512,512,3,0bfeb290c10e6ddc5d3e664abe542c20db91108b2ee19a5c968bc3ff7af23f2f,4
img_nuinsseg_000028,data/raw/nuinsseg_human_22_original/human_tissue_image-cardia/human_cardia_12.png,cardia,2,human_cardia_12.png,512,512,3,c8b1d86549610120dc277f1ac0fb91f6367ae5206cc2d34d8ca13f12be8d9f60,1
img_nuinsseg_000029,data/raw/nuinsseg_human_22_original/human_tissue_image-cardia/human_cardia_2.png,cardia,2,human_cardia_2.png,512,512,3,ba519d58e3a50526930802dff8192ec7785f76023773237ec8d4d4ca708dc0fb,0
img_nuinsseg_000030,data/raw/nuinsseg_human_22_original/human_tissue_image-cardia/human_cardia_3.png,cardia,2,human_cardia_3.png,512,512,3,178770c66b0413d62b3c5b98c55d156fb5ec1f616391bb57c590339c9fa2237e,2
img_nuinsseg_000031,data/raw/nuinsseg_human_22_original/human_tissue_image-cardia/human_cardia_4.png,cardia,2,human_cardia_4.png,512,512,3,2d8865d2491e6891801d84adef1790ddc672ec1c6b62eb29daafe61521a0056f,0
img_nuinsseg_000032,data/raw/nuinsseg_human_22_original/human_tissue_image-cardia/human_cardia_5.png,cardia,2,human_cardia_5.png,512,512,3,510e3a97b84295aa9cce36f2d6b9a25a2a2f4c5416af65907a012c09a840b786,0
img_nuinsseg_000033,data/raw/nuinsseg_human_22_original/human_tissue_image-cardia/human_cardia_6.png,cardia,2,human_cardia_6.png,512,512,3,7d5e31ff0f887010228da2c1f3322be330cb4e5fceadbbda2494993981172da6,3
img_nuinsseg_000034,data/raw/nuinsseg_human_22_original/human_tissue_image-cardia/human_cardia_7.png,cardia,2,human_cardia_7.png,512,512,3,adb2d8a09dc5f05e428c06bc89c34a756c8facec6f23a41ba5acbfccdf0ba92b,2
img_nuinsseg_000035,data/raw/nuinsseg_human_22_original/human_tissue_image-cardia/human_cardia_8.png,cardia,2,human_cardia_8.png,512,512,3,c7c5a548b47af6ca09015c34833f01bf8b88e87a44571a5b14f2c40dc24e8d68,4
img_nuinsseg_000036,data/raw/nuinsseg_human_22_original/human_tissue_image-cardia/human_cardia_9.png,cardia,2,human_cardia_9.png,512,512,3,5b5d9fab8c09ca99ec837cd9c01b71f0db65b0c16b51392efc939dbe670290bc,4
img_nuinsseg_000037,data/raw/nuinsseg_human_22_original/human_tissue_image-cerebellum/human_cerebellum_1.png,cerebellum,3,human_cerebellum_1.png,512,512,3,0afcab20099fd31fbd11ed6cbfe8b4c11ee535ea3e7ef1a5e2045d9b150a4e26,3
img_nuinsseg_000038,data/raw/nuinsseg_human_22_original/human_tissue_image-cerebellum/human_cerebellum_10.png,cerebellum,3,human_cerebellum_10.png,512,512,3,7354f4793f9142e7a9ca1b970567a0e4b2e6d7779dd2a3019d8752baa3cfe664,0
img_nuinsseg_000039,data/raw/nuinsseg_human_22_original/human_tissue_image-cerebellum/human_cerebellum_11.png,cerebellum,3,human_cerebellum_11.png,512,512,3,ed31cabee3770d5a777797219987c6135ddfbd2f95297b21135708306d130c2a,2
img_nuinsseg_000040,data/raw/nuinsseg_human_22_original/human_tissue_image-cerebellum/human_cerebellum_12.png,cerebellum,3,human_cerebellum_12.png,512,512,3,4061719210b5534c40595ad83cfe490c997ac5c4aa66bec29f65a5fe9563aeda,0
img_nuinsseg_000041,data/raw/nuinsseg_human_22_original/human_tissue_image-cerebellum/human_cerebellum_2.png,cerebellum,3,human_cerebellum_2.png,512,512,3,6eb7db1d2624b38bf82d23642a6bfac4ccf657d728c432d53553eb6baf31c2ce,4
img_nuinsseg_000042,data/raw/nuinsseg_human_22_original/human_tissue_image-cerebellum/human_cerebellum_3.png,cerebellum,3,human_cerebellum_3.png,512,512,3,ca226e278cb8ca79d069b673628fb47886cb6ae9e9f7bbcc105936ff021230a2,2
img_nuinsseg_000043,data/raw/nuinsseg_human_22_original/human_tissue_image-cerebellum/human_cerebellum_4.png,cerebellum,3,human_cerebellum_4.png,512,512,3,52a0afcccae1d3518b51c5316c6cd9d0bf64f07ae24e15be97fdd27c5f3bc647,1
img_nuinsseg_000044,data/raw/nuinsseg_human_22_original/human_tissue_image-cerebellum/human_cerebellum_5.png,cerebellum,3,human_cerebellum_5.png,512,512,3,6f2dba2d077da0b799f0d834b646a576524cf2b4a101e22cba70a63733c33444,4
img_nuinsseg_000045,data/raw/nuinsseg_human_22_original/human_tissue_image-cerebellum/human_cerebellum_6.png,cerebellum,3,human_cerebellum_6.png,512,512,3,d2aee7f87f92025ff62a6ca7c90ee47c598b356c03dbc10848f0004c5c9ea785,3
img_nuinsseg_000046,data/raw/nuinsseg_human_22_original/human_tissue_image-cerebellum/human_cerebellum_7.png,cerebellum,3,human_cerebellum_7.png,512,512,3,28ce737ead8c13ff97b2db4b527963d1e1f7a217f0e57c3770226ed5cb0d0e8e,1
img_nuinsseg_000047,data/raw/nuinsseg_human_22_original/human_tissue_image-cerebellum/human_cerebellum_8.png,cerebellum,3,human_cerebellum_8.png,512,512,3,f279600c30c45563fc4ec9994138fb70e3108dd6ce1b58770fc9b3471ec788cf,2
img_nuinsseg_000048,data/raw/nuinsseg_human_22_original/human_tissue_image-cerebellum/human_cerebellum_9.png,cerebellum,3,human_cerebellum_9.png,512,512,3,17ee1419f8b21cb88611ffe315b5129d1415cffeec511af1adabe24bed69ed29,1
img_nuinsseg_000049,data/raw/nuinsseg_human_22_original/human_tissue_image-epiglottis/human_epiglottis_1.png,epiglottis,4,human_epiglottis_1.png,512,512,3,ae6dac1e9c08d262dc728993f4bad4ca2d43028924853fef3056822b3137a916,3
img_nuinsseg_000050,data/raw/nuinsseg_human_22_original/human_tissue_image-epiglottis/human_epiglottis_10.png,epiglottis,4,human_epiglottis_10.png,512,512,3,19e030e8011746b248c5c479ce1666970bbc5a059c18eaec02d13f7ac10e4802,4
img_nuinsseg_000051,data/raw/nuinsseg_human_22_original/human_tissue_image-epiglottis/human_epiglottis_11.png,epiglottis,4,human_epiglottis_11.png,512,512,3,17b3588d2ecf42a922531caa09645f7a2b1fb982fa75abb91aebd8acfeccebbb,1
img_nuinsseg_000052,data/raw/nuinsseg_human_22_original/human_tissue_image-epiglottis/human_epiglottis_12.png,epiglottis,4,human_epiglottis_12.png,512,512,3,2066d9bd8cc79b9d35d8846f7ae14b6e8ded962f11753e4d37dbbd7b65c8ae5d,2
img_nuinsseg_000053,data/raw/nuinsseg_human_22_original/human_tissue_image-epiglottis/human_epiglottis_2.png,epiglottis,4,human_epiglottis_2.png,512,512,3,c7a6854a72b8b67fb478acb70a733ff2fbe8524e21fee4104d2e23d087c7ee6a,2
img_nuinsseg_000054,data/raw/nuinsseg_human_22_original/human_tissue_image-epiglottis/human_epiglottis_3.png,epiglottis,4,human_epiglottis_3.png,512,512,3,7177101a9159d96009d061b96fe97e92a56fa5400130766137307d660dc93673,3
img_nuinsseg_000055,data/raw/nuinsseg_human_22_original/human_tissue_image-epiglottis/human_epiglottis_4.png,epiglottis,4,human_epiglottis_4.png,512,512,3,78b58741aefacd70731d31904ffec9c6092806fe4cd38e841f0b14f6e80a8487,0
img_nuinsseg_000056,data/raw/nuinsseg_human_22_original/human_tissue_image-epiglottis/human_epiglottis_5.png,epiglottis,4,human_epiglottis_5.png,512,512,3,a27b7e9ad6a0c8319574d369e9896aebfe54af5552aabe7cc60b09b92e751685,4
img_nuinsseg_000057,data/raw/nuinsseg_human_22_original/human_tissue_image-epiglottis/human_epiglottis_6.png,epiglottis,4,human_epiglottis_6.png,512,512,3,92eb32f06420f7904bf0c3e9f374175e55f0993e36caaf2f17900cd3461e6698,0
img_nuinsseg_000058,data/raw/nuinsseg_human_22_original/human_tissue_image-epiglottis/human_epiglottis_7.png,epiglottis,4,human_epiglottis_7.png,512,512,3,7c2512c90fdcf8f0d7ef79280389d1654b21fca39fc8563ee70c46f84470ef14,3
img_nuinsseg_000059,data/raw/nuinsseg_human_22_original/human_tissue_image-epiglottis/human_epiglottis_8.png,epiglottis,4,human_epiglottis_8.png,512,512,3,a3d0a1e79294dc4ce537a69acc73b55751a4ae2fb66fa168ad13b7c02bdb223f,1
img_nuinsseg_000060,data/raw/nuinsseg_human_22_original/human_tissue_image-gland/human_salivory_01.png,gland,5,human_salivory_01.png,512,512,3,511a5c8757db88cf07bb438753203f103d5b5c6843af8b1607969bbb2da67bbe,3
img_nuinsseg_000061,data/raw/nuinsseg_human_22_original/human_tissue_image-gland/human_salivory_02.png,gland,5,human_salivory_02.png,512,512,3,b5fccc0446b5ed77abd3ea69e6231164373bbf9d702ec82ccd724305eeaf9dfd,4
img_nuinsseg_000062,data/raw/nuinsseg_human_22_original/human_tissue_image-gland/human_salivory_03.png,gland,5,human_salivory_03.png,512,512,3,1a69efb2fb42ea626f51dc2b536735305f74dc28a0db42c95d4158c40c3bde2b,0
img_nuinsseg_000063,data/raw/nuinsseg_human_22_original/human_tissue_image-gland/human_salivory_04.png,gland,5,human_salivory_04.png,512,512,3,625f0f7ac68cf6be55244a898c5a6fa65dfda6b860bfce52c4c20edae2cd76e6,2
img_nuinsseg_000064,data/raw/nuinsseg_human_22_original/human_tissue_image-gland/human_salivory_05.png,gland,5,human_salivory_05.png,512,512,3,39981610b76f4921a1fbdfe1a6f11a639a23f55ff4b390fab696475d1f82e428,3
img_nuinsseg_000065,data/raw/nuinsseg_human_22_original/human_tissue_image-gland/human_salivory_06.png,gland,5,human_salivory_06.png,512,512,3,3e7f0492bb1b07a10d1cee1f293760c1e9f7a11e66d90be323d40c6574114668,4
img_nuinsseg_000066,data/raw/nuinsseg_human_22_original/human_tissue_image-gland/human_salivory_07.png,gland,5,human_salivory_07.png,512,512,3,602dae4479de9685f156c7d2953b17d7ae9c3fac8229b6178b3229501847faa4,2
img_nuinsseg_000067,data/raw/nuinsseg_human_22_original/human_tissue_image-gland/human_salivory_08.png,gland,5,human_salivory_08.png,512,512,3,66636d2f89189d8b5829358291d84b7266aa92172ea615161f03b7081bef25fc,4
img_nuinsseg_000068,data/raw/nuinsseg_human_22_original/human_tissue_image-gland/human_salivory_09.png,gland,5,human_salivory_09.png,512,512,3,eb7f6eae79def5c25efbb6a7455ff3107338be31cb2fc309bf9305ea8dcc3b3d,1
img_nuinsseg_000069,data/raw/nuinsseg_human_22_original/human_tissue_image-gland/human_salivory_10.png,gland,5,human_salivory_10.png,512,512,3,e7311576eadec202ca60983760ec45a5f0b5dd69be4e8788642547eab64b852b,0
img_nuinsseg_000070,data/raw/nuinsseg_human_22_original/human_tissue_image-gland/human_salivory_11.png,gland,5,human_salivory_11.png,512,512,3,dbc038b7d1d163cfe10ba614100d19c5f03e9ad742cf5bf350262f0176fd040f,2
img_nuinsseg_000071,data/raw/nuinsseg_human_22_original/human_tissue_image-gland/human_salivory_12.png,gland,5,human_salivory_12.png,512,512,3,0f0d171e0487315edc85d1b465e678b11d43d792fe772823ab103644074c7c12,3
img_nuinsseg_000072,data/raw/nuinsseg_human_22_original/human_tissue_image-gland/human_salivory_13.png,gland,5,human_salivory_13.png,512,512,3,b2101df820f8901a5a76d4dd1c338974aafb6392104650880ec66c4408d1cb6f,0
img_nuinsseg_000073,data/raw/nuinsseg_human_22_original/human_tissue_image-gland/human_salivory_14.png,gland,5,human_salivory_14.png,512,512,3,9a61089ab58d873a054835956c354482df4997de6f8ebcd19c432d8256bb7d12,3
img_nuinsseg_000074,data/raw/nuinsseg_human_22_original/human_tissue_image-gland/human_salivory_15.png,gland,5,human_salivory_15.png,512,512,3,6f36dfde6f560665bfc0572b8227946a851a92f157751f85e699d90caf7d9e6a,2
img_nuinsseg_000075,data/raw/nuinsseg_human_22_original/human_tissue_image-gland/human_salivory_16.png,gland,5,human_salivory_16.png,512,512,3,80ce7bba3be2308daf963e6e74166921da28c121b8d41878f8ff54724b3b872f,0
img_nuinsseg_000076,data/raw/nuinsseg_human_22_original/human_tissue_image-gland/human_salivory_17.png,gland,5,human_salivory_17.png,512,512,3,b5a2b68917a5cbd824cec6db42ed6dc4ede9d08fed2a31729551a278ff50e894,2
img_nuinsseg_000077,data/raw/nuinsseg_human_22_original/human_tissue_image-gland/human_salivory_18.png,gland,5,human_salivory_18.png,512,512,3,262075f38d3d64ee4e4385c11f6cf6d7fc5103ee52b03eff8fb6f4ff50678069,3
img_nuinsseg_000078,data/raw/nuinsseg_human_22_original/human_tissue_image-gland/human_salivory_19.png,gland,5,human_salivory_19.png,512,512,3,010f1aa6fb0e8147f740eb18fe4cb6f3e0c32aa2435d5683239b37c6a29e4a7b,1
img_nuinsseg_000079,data/raw/nuinsseg_human_22_original/human_tissue_image-gland/human_salivory_20.png,gland,5,human_salivory_20.png,512,512,3,2171c89d601552e7c854d36e8e7d9611474011d75aa07384a3c1ba93fc589844,3
img_nuinsseg_000080,data/raw/nuinsseg_human_22_original/human_tissue_image-gland/human_salivory_21.png,gland,5,human_salivory_21.png,512,512,3,b04b0f9a7d18dcb72997983df05c7d3842099b07f1623ebd94951f59280d50b3,2
img_nuinsseg_000081,data/raw/nuinsseg_human_22_original/human_tissue_image-gland/human_salivory_22.png,gland,5,human_salivory_22.png,512,512,3,798dbe96a7eb457757e0ece6c77d451546606c7b708db5103754493aa62f97af,2
img_nuinsseg_000082,data/raw/nuinsseg_human_22_original/human_tissue_image-gland/human_salivory_23.png,gland,5,human_salivory_23.png,512,512,3,154e294311e23fb83e7c1487b6429076455bb71511f4cee17f647de342153bd9,2
img_nuinsseg_000083,data/raw/nuinsseg_human_22_original/human_tissue_image-gland/human_salivory_24.png,gland,5,human_salivory_24.png,512,512,3,a4990d9334c12743ac8bcb05ac8faf8e7411c50a11e5e4c718a5de782957b157,4
img_nuinsseg_000084,data/raw/nuinsseg_human_22_original/human_tissue_image-gland/human_salivory_25.png,gland,5,human_salivory_25.png,512,512,3,cd67d27a5dadd20a8e808d7fd4deb1c34693bcd76b0d1fcddd49d637fae1c00a,1
img_nuinsseg_000085,data/raw/nuinsseg_human_22_original/human_tissue_image-gland/human_salivory_26.png,gland,5,human_salivory_26.png,512,512,3,81f31db7ca745cc08c1bdf8ff5a015e26a4a29ab27318d9bdd71a916d88c59b6,1
img_nuinsseg_000086,data/raw/nuinsseg_human_22_original/human_tissue_image-gland/human_salivory_27.png,gland,5,human_salivory_27.png,512,512,3,9deef028ee0001acb7ddeca167567aa3717e6ec6f450d2fbdc79cbcfc6746f62,4
img_nuinsseg_000087,data/raw/nuinsseg_human_22_original/human_tissue_image-gland/human_salivory_28.png,gland,5,human_salivory_28.png,512,512,3,989e793f4075f5b2d24112540572212c3ac8cef905105e65d36885abc53b39f1,4
img_nuinsseg_000088,data/raw/nuinsseg_human_22_original/human_tissue_image-gland/human_salivory_29.png,gland,5,human_salivory_29.png,512,512,3,8ccafbbabe411659468ef98d5808a8c4fd7a4b3940a0929a3d7dcad863843924,1
img_nuinsseg_000089,data/raw/nuinsseg_human_22_original/human_tissue_image-gland/human_salivory_30.png,gland,5,human_salivory_30.png,512,512,3,725b9228de5023d80c70fac05b8550befeb460b4c4d146416fa5cb661dd58e6a,4
img_nuinsseg_000090,data/raw/nuinsseg_human_22_original/human_tissue_image-gland/human_salivory_31.png,gland,5,human_salivory_31.png,512,512,3,474de1ea33c14e12e97e559703e915389eaa4194438ebb67803cba6f7d28ef1f,1
img_nuinsseg_000091,data/raw/nuinsseg_human_22_original/human_tissue_image-gland/human_salivory_32.png,gland,5,human_salivory_32.png,512,512,3,47f1243056dc3ee231e43dccc2985550f4a7403a4022176c7d4cb0729aa9a5c8,2
img_nuinsseg_000092,data/raw/nuinsseg_human_22_original/human_tissue_image-gland/human_salivory_33.png,gland,5,human_salivory_33.png,512,512,3,171c6603204cb48216e83da72aeaf5658ed3feed9ed2c051fd1201f92ecfe096,1
img_nuinsseg_000093,data/raw/nuinsseg_human_22_original/human_tissue_image-gland/human_salivory_34.png,gland,5,human_salivory_34.png,512,512,3,57d20bfd88f04eab380401b48c3bdd43560320d45449f4761acc7ec5b4816165,3
img_nuinsseg_000094,data/raw/nuinsseg_human_22_original/human_tissue_image-gland/human_salivory_35.png,gland,5,human_salivory_35.png,512,512,3,a8469dd90d94660c1b2d28ce070e9ca339d02ff6bb97b2b77152d5a79c74f558,4
img_nuinsseg_000095,data/raw/nuinsseg_human_22_original/human_tissue_image-gland/human_salivory_36.png,gland,5,human_salivory_36.png,512,512,3,5894e8c1fc78f02f03e2fbeaf3e52ffb826cd149fbf738337d4eb867262bde44,0
img_nuinsseg_000096,data/raw/nuinsseg_human_22_original/human_tissue_image-gland/human_salivory_37.png,gland,5,human_salivory_37.png,512,512,3,16c1a7b0be9794e3971d83ade10f8be80e687778a9bb1ca40646c1fad8c66d57,0
img_nuinsseg_000097,data/raw/nuinsseg_human_22_original/human_tissue_image-gland/human_salivory_38.png,gland,5,human_salivory_38.png,512,512,3,2979012ff4efd54e3f9c398bcd9a37d1fe44cd756d0151022033d15f705de952,0
img_nuinsseg_000098,data/raw/nuinsseg_human_22_original/human_tissue_image-gland/human_salivory_39.png,gland,5,human_salivory_39.png,512,512,3,dfcf45251f2d4c0740b530d0b55266bf4d012848de7c0921a4ca21acc4744eb1,4
img_nuinsseg_000099,data/raw/nuinsseg_human_22_original/human_tissue_image-gland/human_salivory_40.png,gland,5,human_salivory_40.png,512,512,3,fd3e9e7657edee6823d4566d288906f8a3bc79d8209378faa5160c8948132c3d,1
img_nuinsseg_000100,data/raw/nuinsseg_human_22_original/human_tissue_image-gland/human_salivory_41.png,gland,5,human_salivory_41.png,512,512,3,c70b1b8e5acd9f80cbbea2780b087fdc3c6774a8b822b6d5598aa47ee463c698,1
img_nuinsseg_000101,data/raw/nuinsseg_human_22_original/human_tissue_image-gland/human_salivory_42.png,gland,5,human_salivory_42.png,512,512,3,584d99eced4246d3c847a2b5988aab34f10c986a81257468cc0c91fb69e83097,3
img_nuinsseg_000102,data/raw/nuinsseg_human_22_original/human_tissue_image-gland/human_salivory_43.png,gland,5,human_salivory_43.png,512,512,3,037873d067e9aaec90ef2aa295e22087f139ad5dc7125e40b08b26cd145b56e9,0
img_nuinsseg_000103,data/raw/nuinsseg_human_22_original/human_tissue_image-gland/human_salivory_44.png,gland,5,human_salivory_44.png,512,512,3,db43b23a2dbe3f43abfcc891e0e03fc172da7043526c156253bafc366b5183b6,0
img_nuinsseg_000104,data/raw/nuinsseg_human_22_original/human_tissue_image-jejunum/human_jejunum_01.png,jejunum,6,human_jejunum_01.png,512,512,3,12894d4a340ae5eb97aa8c89e8cae3556caeef77d24ea1013ce06949bfc60728,1
img_nuinsseg_000105,data/raw/nuinsseg_human_22_original/human_tissue_image-jejunum/human_jejunum_02.png,jejunum,6,human_jejunum_02.png,512,512,3,1353e41819db1562d89647012553c602737eccfde4ff6c8faa9bc36bc34e90bf,0
img_nuinsseg_000106,data/raw/nuinsseg_human_22_original/human_tissue_image-jejunum/human_jejunum_03.png,jejunum,6,human_jejunum_03.png,512,512,3,be86ee0e796124ad04af7718de4015016fce8ebded450158a2e7300ce89d78e6,2
img_nuinsseg_000107,data/raw/nuinsseg_human_22_original/human_tissue_image-jejunum/human_jejunum_04.png,jejunum,6,human_jejunum_04.png,512,512,3,2b0dfcce8343d804f7853ab7d3278d6a4c2d416082bcceaa0d34fed297553586,2
img_nuinsseg_000108,data/raw/nuinsseg_human_22_original/human_tissue_image-jejunum/human_jejunum_05.png,jejunum,6,human_jejunum_05.png,512,512,3,7f340f865a3761a86c1fe342a0700ebf4507d628bb15565b2d91fca38657160b,4
img_nuinsseg_000109,data/raw/nuinsseg_human_22_original/human_tissue_image-jejunum/human_jejunum_06.png,jejunum,6,human_jejunum_06.png,512,512,3,f9d346ed95a527c59debab956b906de0fde54a9d8c0c32147f2211af47ef2f22,3
img_nuinsseg_000110,data/raw/nuinsseg_human_22_original/human_tissue_image-jejunum/human_jejunum_07.png,jejunum,6,human_jejunum_07.png,512,512,3,50b6d1fbd1570c0e1e7daec41fe446245cf0a12f888d6988782de607f78d6695,4
img_nuinsseg_000111,data/raw/nuinsseg_human_22_original/human_tissue_image-jejunum/human_jejunum_08.png,jejunum,6,human_jejunum_08.png,512,512,3,6064d662387efdcbd0d27d632e5a455752bd03de2caeab2890a560fc22578582,3
img_nuinsseg_000112,data/raw/nuinsseg_human_22_original/human_tissue_image-jejunum/human_jejunum_09.png,jejunum,6,human_jejunum_09.png,512,512,3,4f52961d15b2464edaf46411ff0e4820e11df41e05bb4bd3f61ecee465a6a739,0
img_nuinsseg_000113,data/raw/nuinsseg_human_22_original/human_tissue_image-jejunum/human_jejunum_10.png,jejunum,6,human_jejunum_10.png,512,512,3,9d5954b499bdb1a5b260afd21dc49cb0ecda683b52f76eda3c3fd00074a651f9,1
img_nuinsseg_000114,data/raw/nuinsseg_human_22_original/human_tissue_image-kidney/human_kidney_01.png,kidney,7,human_kidney_01.png,512,512,3,660ee499c1be40d3ecc805e95b1a3884305422a425ba111ec909d403f9b3b77b,1
img_nuinsseg_000115,data/raw/nuinsseg_human_22_original/human_tissue_image-kidney/human_kidney_02.png,kidney,7,human_kidney_02.png,512,512,3,7190d9c10b76c0f57b7ab9b76ae3c066e06fa692cf615841ff79005d00a27e17,2
img_nuinsseg_000116,data/raw/nuinsseg_human_22_original/human_tissue_image-kidney/human_kidney_03.png,kidney,7,human_kidney_03.png,512,512,3,d4aeda8e3b6b8b435f5d1ab3e13a6eab07107342728bd0ad0b54c6167db26cb5,2
img_nuinsseg_000117,data/raw/nuinsseg_human_22_original/human_tissue_image-kidney/human_kidney_04.png,kidney,7,human_kidney_04.png,512,512,3,edbd56102fb4f421c5814e449f35e0f8f9a80759b1427ae2ff6f55c29007803b,0
img_nuinsseg_000118,data/raw/nuinsseg_human_22_original/human_tissue_image-kidney/human_kidney_05.png,kidney,7,human_kidney_05.png,512,512,3,b760ec96c1700402edea0658e8f370b8baad0424bc1e85f7d18248d157a7f3e6,3
img_nuinsseg_000119,data/raw/nuinsseg_human_22_original/human_tissue_image-kidney/human_kidney_06.png,kidney,7,human_kidney_06.png,512,512,3,9dc05a61ce4981efbcf150c4eefec5c7464931e45f4fe4693b1bbfaa80754545,0
img_nuinsseg_000120,data/raw/nuinsseg_human_22_original/human_tissue_image-kidney/human_kidney_07.png,kidney,7,human_kidney_07.png,512,512,3,56be682d75b06afc7d4a1bda01a1477d3bede4d8155998fdb2dcf1e305033426,4
img_nuinsseg_000121,data/raw/nuinsseg_human_22_original/human_tissue_image-kidney/human_kidney_08.png,kidney,7,human_kidney_08.png,512,512,3,fba5522f3695611e3b19a634bed9daf7b6386882c123a8efb7eb14a200e3ab66,1
img_nuinsseg_000122,data/raw/nuinsseg_human_22_original/human_tissue_image-kidney/human_kidney_09.png,kidney,7,human_kidney_09.png,512,512,3,290ac0ea4bbf22d098de03a29d92fdffac1b43953f036067a34a0e04a7aebb05,3
img_nuinsseg_000123,data/raw/nuinsseg_human_22_original/human_tissue_image-kidney/human_kidney_10.png,kidney,7,human_kidney_10.png,512,512,3,3ec0f234a85079a00d1d9f07a03d7c257d2d9cd4327f7f0150c2f0f89ce0d90d,4
img_nuinsseg_000124,data/raw/nuinsseg_human_22_original/human_tissue_image-kidney/human_kidney_11.png,kidney,7,human_kidney_11.png,512,512,3,7c53664a5e07be2610166a086bedaa5009ba244f7bf258a62dba002e960bd126,3
img_nuinsseg_000125,data/raw/nuinsseg_human_22_original/human_tissue_image-liver/human_liver_01.png,liver,8,human_liver_01.png,512,512,3,e3521d024cb571fdbb9bdea22fcfdd544812d0c5c94c413435e29324aa1242c6,3
img_nuinsseg_000126,data/raw/nuinsseg_human_22_original/human_tissue_image-liver/human_liver_02.png,liver,8,human_liver_02.png,512,512,3,7e9938b7d2081beb3b2d0eef396bc2b7561e74443bb8320b6161d1a6135de493,4
img_nuinsseg_000127,data/raw/nuinsseg_human_22_original/human_tissue_image-liver/human_liver_03.png,liver,8,human_liver_03.png,512,512,3,b0c6cd1cd64e66d323a46a1e22123cab116bd586fc2ce0f7e5184b8438bab76a,3
img_nuinsseg_000128,data/raw/nuinsseg_human_22_original/human_tissue_image-liver/human_liver_04.png,liver,8,human_liver_04.png,512,512,3,035239fb2424bd385a074fee16b06d2d30aed2d815113e0abc5f72754709a5ce,3
img_nuinsseg_000129,data/raw/nuinsseg_human_22_original/human_tissue_image-liver/human_liver_05.png,liver,8,human_liver_05.png,512,512,3,2fc14e56fd85150c9dd64a1430b78dcb82cf31535bb0c6d0a18e211f54c65da4,0
img_nuinsseg_000130,data/raw/nuinsseg_human_22_original/human_tissue_image-liver/human_liver_06.png,liver,8,human_liver_06.png,512,512,3,cf52ab54d130c916aa3a03bac72d2b38200be8be55a7c16659317ed88db11bed,0
img_nuinsseg_000131,data/raw/nuinsseg_human_22_original/human_tissue_image-liver/human_liver_07.png,liver,8,human_liver_07.png,512,512,3,8d4ab194413708a68a9bd455e66b25f4da16efc66c7e1c285cfa9ab57adc4401,1
img_nuinsseg_000132,data/raw/nuinsseg_human_22_original/human_tissue_image-liver/human_liver_08.png,liver,8,human_liver_08.png,512,512,3,d8da35e7b4787169f228bd3fee8841e981ca636522ecc28a445c3ef822edd72d,0
img_nuinsseg_000133,data/raw/nuinsseg_human_22_original/human_tissue_image-liver/human_liver_09.png,liver,8,human_liver_09.png,512,512,3,36aa62935470a0b45ba53ebcdc5d4cf70d788df134ab965415ee3a3baabe542c,3
img_nuinsseg_000134,data/raw/nuinsseg_human_22_original/human_tissue_image-liver/human_liver_10.png,liver,8,human_liver_10.png,512,512,3,9808a3498a3d2e234ebd37a3303230eaf42c0cfe3b652de1ec03393cd2175139,2
img_nuinsseg_000135,data/raw/nuinsseg_human_22_original/human_tissue_image-liver/human_liver_11.png,liver,8,human_liver_11.png,512,512,3,701a3d6330510b56f4babdee5ca20b69756c065996347b9dc64e5ad7a99f7121,2
img_nuinsseg_000136,data/raw/nuinsseg_human_22_original/human_tissue_image-liver/human_liver_12.png,liver,8,human_liver_12.png,512,512,3,a09aef9a6c844825614ab53b27dd41cb16e972afb508a6300335a034d232ed44,1
img_nuinsseg_000137,data/raw/nuinsseg_human_22_original/human_tissue_image-liver/human_liver_13.png,liver,8,human_liver_13.png,512,512,3,ca61dfd5cfae64ba60e4bf43febd89f86cf1246968ccca10313cff219c6cc68f,1
img_nuinsseg_000138,data/raw/nuinsseg_human_22_original/human_tissue_image-liver/human_liver_14.png,liver,8,human_liver_14.png,512,512,3,0f1704d7ef891e0c2e9848938aba4c0a05cb04e4f8d02abf612375f657f47e06,2
img_nuinsseg_000139,data/raw/nuinsseg_human_22_original/human_tissue_image-liver/human_liver_15.png,liver,8,human_liver_15.png,512,512,3,4c62f7cb6f5356e4f2a0e1d65e4eff43f1acf2878b649e33ad57b8295e040f9d,3
img_nuinsseg_000140,data/raw/nuinsseg_human_22_original/human_tissue_image-liver/human_liver_16.png,liver,8,human_liver_16.png,512,512,3,f713db9eb695de0ccecba3a7dfe7042a0520d1dea146a023edac33e352b2c157,4
img_nuinsseg_000141,data/raw/nuinsseg_human_22_original/human_tissue_image-liver/human_liver_17.png,liver,8,human_liver_17.png,512,512,3,77344b68b00db6460e49a629e8f38bc7eb7cc1f64f1a3f5bb6cf7704bb549f17,0
img_nuinsseg_000142,data/raw/nuinsseg_human_22_original/human_tissue_image-liver/human_liver_18.png,liver,8,human_liver_18.png,512,512,3,58ddbc5fb5b34c9a57a564c272f9154017e80d0eda2fd91f91b23823615fb00f,2
img_nuinsseg_000143,data/raw/nuinsseg_human_22_original/human_tissue_image-liver/human_liver_19.png,liver,8,human_liver_19.png,512,512,3,8286bf21739b414c4930f588cea48f6ce41376255281623d52e42c3436dcae2d,3
img_nuinsseg_000144,data/raw/nuinsseg_human_22_original/human_tissue_image-liver/human_liver_20.png,liver,8,human_liver_20.png,512,512,3,4fcc023c8f1d537fb8c942d25f54d2b0ee234adcabd90c17d1bd48d5dc735649,2
img_nuinsseg_000145,data/raw/nuinsseg_human_22_original/human_tissue_image-liver/human_liver_21.png,liver,8,human_liver_21.png,512,512,3,4f522ef7cd063b458ee401c34e7c03d250cd0ba5218140f45e2f6cd10fcd369f,1
img_nuinsseg_000146,data/raw/nuinsseg_human_22_original/human_tissue_image-liver/human_liver_22.png,liver,8,human_liver_22.png,512,512,3,51d3f74a995709f8a897baff0d9241025c3a41ff790db3fe2583bea630547dd3,1
img_nuinsseg_000147,data/raw/nuinsseg_human_22_original/human_tissue_image-liver/human_liver_23.png,liver,8,human_liver_23.png,512,512,3,8584733e671ca084c8d987a502d51c74b173630adc701d0d9198cf107bb6e8d7,4
img_nuinsseg_000148,data/raw/nuinsseg_human_22_original/human_tissue_image-liver/human_liver_24.png,liver,8,human_liver_24.png,512,512,3,a45a94a29b9aa0dafff37ca8a37a0661743fbb78eb925d80727f9c43d06c5bad,1
img_nuinsseg_000149,data/raw/nuinsseg_human_22_original/human_tissue_image-liver/human_liver_25.png,liver,8,human_liver_25.png,512,512,3,0f841bc8d0b36607aeeb7c76bcc9caea2782a8a2e9700ddf890ce624a2391ac0,1
img_nuinsseg_000150,data/raw/nuinsseg_human_22_original/human_tissue_image-liver/human_liver_26.png,liver,8,human_liver_26.png,512,512,3,952d62d142254250cfde27213b90585ca728f6fa635ed3c76ba41ea1b8599cb5,0
img_nuinsseg_000151,data/raw/nuinsseg_human_22_original/human_tissue_image-liver/human_liver_27.png,liver,8,human_liver_27.png,512,512,3,dd03f7987c054ede980140f36ac367061a3392e96f31a1122d2a5d21fc26c1b0,4
img_nuinsseg_000152,data/raw/nuinsseg_human_22_original/human_tissue_image-liver/human_liver_28.png,liver,8,human_liver_28.png,512,512,3,c17252353bf0a6026e7a68648403ce91618f89278de8cb11b69c945095c5204f,4
img_nuinsseg_000153,data/raw/nuinsseg_human_22_original/human_tissue_image-liver/human_liver_29.png,liver,8,human_liver_29.png,512,512,3,c5848b4ee82222575f802d82179a166f2cf873ee934ffe55bba4233be7acfb67,3
img_nuinsseg_000154,data/raw/nuinsseg_human_22_original/human_tissue_image-liver/human_liver_30.png,liver,8,human_liver_30.png,512,512,3,65809c37ce21954929f39afa3a97dc5d0490580c40f958affb7600d6b716ceec,0
img_nuinsseg_000155,data/raw/nuinsseg_human_22_original/human_tissue_image-liver/human_liver_31.png,liver,8,human_liver_31.png,512,512,4,c6222a9604777810ec67763e455f3f1720316d6faea96fdb5f4cfb1f24a14c1c,4
img_nuinsseg_000156,data/raw/nuinsseg_human_22_original/human_tissue_image-liver/human_liver_32.png,liver,8,human_liver_32.png,512,512,3,606df982db23566cbe9c0fb47cab1babe53ed50562977064fd73763b46f15232,0
img_nuinsseg_000157,data/raw/nuinsseg_human_22_original/human_tissue_image-liver/human_liver_33.png,liver,8,human_liver_33.png,512,512,3,090cc0f79658eaedb83cdd872a588d3fbc351bd9f107fec77ee44b4129222d68,1
img_nuinsseg_000158,data/raw/nuinsseg_human_22_original/human_tissue_image-liver/human_liver_34.png,liver,8,human_liver_34.png,512,512,3,4e26ff2a108afb7a3c39ebb3a6b9fe29f433007522834ff32933af2da9906747,0
img_nuinsseg_000159,data/raw/nuinsseg_human_22_original/human_tissue_image-liver/human_liver_35.png,liver,8,human_liver_35.png,512,512,3,8cc3ec9f1e6f1b0ad041fc41327fcf844f63a4589787d3f5072cef051625996e,3
img_nuinsseg_000160,data/raw/nuinsseg_human_22_original/human_tissue_image-liver/human_liver_36.png,liver,8,human_liver_36.png,512,512,3,0f4c934399124875680e2a862c44d6dff7a2322459b086f34a05f7644f6b233e,2
img_nuinsseg_000161,data/raw/nuinsseg_human_22_original/human_tissue_image-liver/human_liver_37.png,liver,8,human_liver_37.png,512,512,3,5e729d45bd48a2f11b7522ab144e19252151909179674ffe94d37f85402197d7,4
img_nuinsseg_000162,data/raw/nuinsseg_human_22_original/human_tissue_image-liver/human_liver_38.png,liver,8,human_liver_38.png,512,512,3,cbbde2941f5fba00166c6510e3f56907cccc3f9faabe7cd9ca6c7e23a9ca1c38,4
img_nuinsseg_000163,data/raw/nuinsseg_human_22_original/human_tissue_image-liver/human_liver_39.png,liver,8,human_liver_39.png,512,512,3,c6a1bd1c44296947244ac6d1bf500ada9b2b94322ed7c08728ca80adf8aa9934,2
img_nuinsseg_000164,data/raw/nuinsseg_human_22_original/human_tissue_image-liver/human_liver_40.png,liver,8,human_liver_40.png,512,512,3,fbcef7b0120786c9e6aa416c0de82d1090213d721200bb6f28999c18c9fbf315,2
img_nuinsseg_000165,data/raw/nuinsseg_human_22_original/human_tissue_image-lung/human_lung_1.png,lung,9,human_lung_1.png,512,512,3,b2090d5146912cde30bff88fe13935415f1c50a6799dfce046cc386d73b126fe,4
img_nuinsseg_000166,data/raw/nuinsseg_human_22_original/human_tissue_image-lung/human_lung_10.png,lung,9,human_lung_10.png,512,512,3,f7278f289986e01a6b64118b90c8d7c2418ff2bf1d053d657bf5e6af5da0b390,4
img_nuinsseg_000167,data/raw/nuinsseg_human_22_original/human_tissue_image-lung/human_lung_11.png,lung,9,human_lung_11.png,512,512,3,a42f6c35349c7e3578d0c4b257c964cedc179778d2e6b2b70f08a2c61b62e536,0
img_nuinsseg_000168,data/raw/nuinsseg_human_22_original/human_tissue_image-lung/human_lung_12.png,lung,9,human_lung_12.png,512,512,3,7fbe218be58c3cfe126290299e962491f95f6d2524315076fdf63b5423dcd88f,3
img_nuinsseg_000169,data/raw/nuinsseg_human_22_original/human_tissue_image-lung/human_lung_2.png,lung,9,human_lung_2.png,512,512,3,459ef79ba3d77cd6d93dc13206df79b2542b84c1d638ff79b8d0328e45162616,0
img_nuinsseg_000170,data/raw/nuinsseg_human_22_original/human_tissue_image-lung/human_lung_3.png,lung,9,human_lung_3.png,512,512,3,00ce20afcc493d210f48315ff1ce72f3a7c5650397bb0a96038cee97ad97c4ff,1
img_nuinsseg_000171,data/raw/nuinsseg_human_22_original/human_tissue_image-lung/human_lung_4.png,lung,9,human_lung_4.png,512,512,3,ed59671b55cd79e52c32c1fef4e3881bb347595dd44863d12df00a26355e910c,3
img_nuinsseg_000172,data/raw/nuinsseg_human_22_original/human_tissue_image-lung/human_lung_6.png,lung,9,human_lung_6.png,512,512,3,e0f13a065156d83a3fbd90e31951b790b5b4d6d043f83b54e294da741e844b70,4
img_nuinsseg_000173,data/raw/nuinsseg_human_22_original/human_tissue_image-lung/human_lung_7.png,lung,9,human_lung_7.png,512,512,3,72b775c5170dacfed31ae415e7f77f9c41990bb250ea60d72b77396135347fbe,1
img_nuinsseg_000174,data/raw/nuinsseg_human_22_original/human_tissue_image-lung/human_lung_8.png,lung,9,human_lung_8.png,512,512,3,d21d908148f31ad0f80046af6f6e9d256c0094ed09433a0153da87d7daef5906,2
img_nuinsseg_000175,data/raw/nuinsseg_human_22_original/human_tissue_image-lung/human_lung_9.png,lung,9,human_lung_9.png,512,512,3,4970c7bd58615ae525d9eb75440c7d465659a76b9c38fe9c5980ca80962569d4,2
img_nuinsseg_000176,data/raw/nuinsseg_human_22_original/human_tissue_image-melanoma/human_melanoma_01.png,melanoma,10,human_melanoma_01.png,512,512,3,9b1c46153ac1b4310382bf42427fb3766ac15a6f799a793883ba158c7bbd4981,1
img_nuinsseg_000177,data/raw/nuinsseg_human_22_original/human_tissue_image-melanoma/human_melanoma_02.png,melanoma,10,human_melanoma_02.png,512,512,3,6574a7c81b1dba563f4cc498115b7a006cc8fdb22908717efa21a2d572ac138c,2
img_nuinsseg_000178,data/raw/nuinsseg_human_22_original/human_tissue_image-melanoma/human_melanoma_03.png,melanoma,10,human_melanoma_03.png,512,512,3,9125c35dd5815dae5442a71bfa4775519de67a7a65e5ed2f7279dd4b19c28e62,0
img_nuinsseg_000179,data/raw/nuinsseg_human_22_original/human_tissue_image-melanoma/human_melanoma_04.png,melanoma,10,human_melanoma_04.png,512,512,3,166efca3d7beb14b41774b3df181dd062f6e134deff1a56c962c23826baf9b55,2
img_nuinsseg_000180,data/raw/nuinsseg_human_22_original/human_tissue_image-melanoma/human_melanoma_05.png,melanoma,10,human_melanoma_05.png,512,512,3,73098caae0ad2cad1e3ac37c609f88874393a5325e9b4a8d02f7348df8286f36,0
img_nuinsseg_000181,data/raw/nuinsseg_human_22_original/human_tissue_image-melanoma/human_melanoma_06.png,melanoma,10,human_melanoma_06.png,512,512,3,580d7ccd8eba738d3b82532f5c168ff5987f677fb8d4dcc6eabe45b368058eae,4
img_nuinsseg_000182,data/raw/nuinsseg_human_22_original/human_tissue_image-melanoma/human_melanoma_07.png,melanoma,10,human_melanoma_07.png,512,512,3,0cc37cd82a2e41963d59c8378914b6c91dbd45239af89b6dc2572b89734858cb,1
img_nuinsseg_000183,data/raw/nuinsseg_human_22_original/human_tissue_image-melanoma/human_melanoma_08.png,melanoma,10,human_melanoma_08.png,512,512,3,678b1d0dae57dc09fdbe68c15b240d615d93cf6b917fc95fc05bef816f7fd4d1,1
img_nuinsseg_000184,data/raw/nuinsseg_human_22_original/human_tissue_image-melanoma/human_melanoma_09.png,melanoma,10,human_melanoma_09.png,512,512,3,9adc2b8caef0803f51f901817e51dca3672cdaf0a0c1653bbfd3d570c5be8259,3
img_nuinsseg_000185,data/raw/nuinsseg_human_22_original/human_tissue_image-melanoma/human_melanoma_10.png,melanoma,10,human_melanoma_10.png,512,512,3,40c2e78f8efa15383eb4a0c6a22b430b216de3a254c2ae1c8f095dcdc2a4efba,3
img_nuinsseg_000186,data/raw/nuinsseg_human_22_original/human_tissue_image-melanoma/human_melanoma_11.png,melanoma,10,human_melanoma_11.png,512,512,3,b587e77347e9064a27a00c960962320ce2488b5587a6a0cbde12249821e84e90,4
img_nuinsseg_000187,data/raw/nuinsseg_human_22_original/human_tissue_image-melanoma/human_melanoma_12.png,melanoma,10,human_melanoma_12.png,512,512,3,bc82bd84b96c84415b72245913620285b8f4bc16efb899030e7dfbcc97cebf57,0
img_nuinsseg_000188,data/raw/nuinsseg_human_22_original/human_tissue_image-muscle/human_muscle_1.png,muscle,11,human_muscle_1.png,512,512,3,8c808eed5de8a895cc25e52cd659055963ee2153bad509aae786412aa6629002,2
img_nuinsseg_000189,data/raw/nuinsseg_human_22_original/human_tissue_image-muscle/human_muscle_10.png,muscle,11,human_muscle_10.png,512,512,3,47f0da60984ef86fafab4dc91142635f07e9ef0bd215a5a48bcdf05e543d650e,4
img_nuinsseg_000190,data/raw/nuinsseg_human_22_original/human_tissue_image-muscle/human_muscle_2.png,muscle,11,human_muscle_2.png,512,512,3,5fed563a7a7aa8d0625856a8c4bda9ef58ccacab1a23fb788b3342fc718a9ad5,3
img_nuinsseg_000191,data/raw/nuinsseg_human_22_original/human_tissue_image-muscle/human_muscle_3.png,muscle,11,human_muscle_3.png,512,512,3,25acb6078ab5d8fac491f5ed01dedb14843a549b8507a3138b58dc1a770d6dfc,0
img_nuinsseg_000192,data/raw/nuinsseg_human_22_original/human_tissue_image-muscle/human_muscle_5.png,muscle,11,human_muscle_5.png,512,512,3,eb6b80c7424bbafbf030d4211a4caad0a9def80416c26409f89d5ca1482c3ab6,1
img_nuinsseg_000193,data/raw/nuinsseg_human_22_original/human_tissue_image-muscle/human_muscle_6.png,muscle,11,human_muscle_6.png,512,512,3,90379a13e4fc0398f16310a0c5cd5f53a4ca59a9028db6e54a6e9def3c5a1ade,0
img_nuinsseg_000194,data/raw/nuinsseg_human_22_original/human_tissue_image-muscle/human_muscle_7.png,muscle,11,human_muscle_7.png,512,512,3,d5da503ec9f4e0f403b983f3659fd1c615642e00c32416d6db372648ae7d8f50,2
img_nuinsseg_000195,data/raw/nuinsseg_human_22_original/human_tissue_image-muscle/human_muscle_8.png,muscle,11,human_muscle_8.png,512,512,3,a2fafff90c6a36a079be7a639bca0c3b020a52d1dd889c184b4a08e7bdec4916,3
img_nuinsseg_000196,data/raw/nuinsseg_human_22_original/human_tissue_image-muscle/human_muscle_9.png,muscle,11,human_muscle_9.png,512,512,3,73def2d4b1772873cabbee2256a33305774094a6ab83a59e74da545d27807607,4
img_nuinsseg_000197,data/raw/nuinsseg_human_22_original/human_tissue_image-oesophagus/human_oesophagus_01.png,oesophagus,12,human_oesophagus_01.png,512,512,3,38cc8948052583c509c1e4517032a8740ccabddea33a769f8aa3df294874de32,3
img_nuinsseg_000198,data/raw/nuinsseg_human_22_original/human_tissue_image-oesophagus/human_oesophagus_02.png,oesophagus,12,human_oesophagus_02.png,512,512,3,fdf6e7c72f39de1fc45cfeff396298e051c2ab26bce78945a37ac368898d515b,1
img_nuinsseg_000199,data/raw/nuinsseg_human_22_original/human_tissue_image-oesophagus/human_oesophagus_03.png,oesophagus,12,human_oesophagus_03.png,512,512,3,a7b17458b3fd08c9c50aaa96ec54c10dc49d6cb1870ccbae15623e1ff417e67d,1
img_nuinsseg_000200,data/raw/nuinsseg_human_22_original/human_tissue_image-oesophagus/human_oesophagus_04.png,oesophagus,12,human_oesophagus_04.png,512,512,3,55a90983391e4e5873bc7fc06f30aed2ef4845d16486914cb2ffc9c2c0eb289e,1
img_nuinsseg_000201,data/raw/nuinsseg_human_22_original/human_tissue_image-oesophagus/human_oesophagus_05.png,oesophagus,12,human_oesophagus_05.png,512,512,3,2414e5c8b4dd05c34b7cd951e777d9691eca0394a268be6c353f183d88e9d6e9,0
img_nuinsseg_000202,data/raw/nuinsseg_human_22_original/human_tissue_image-oesophagus/human_oesophagus_06.png,oesophagus,12,human_oesophagus_06.png,512,512,3,6f3367f4b932c78aef6efc917062101b1bde3f8c8e031135ee4227e4c982be5e,1
img_nuinsseg_000203,data/raw/nuinsseg_human_22_original/human_tissue_image-oesophagus/human_oesophagus_07.png,oesophagus,12,human_oesophagus_07.png,512,512,3,6f083083b17b5a1dd270e83e77c963ad48cf074000f7b345b36e55e3caf7ca63,0
img_nuinsseg_000204,data/raw/nuinsseg_human_22_original/human_tissue_image-oesophagus/human_oesophagus_08.png,oesophagus,12,human_oesophagus_08.png,512,512,3,d27d87dace87e2801504ee08aabdf3fbdfae3ace6563564b4e524c67e843642b,4
img_nuinsseg_000205,data/raw/nuinsseg_human_22_original/human_tissue_image-oesophagus/human_oesophagus_09.png,oesophagus,12,human_oesophagus_09.png,512,512,3,8bb3c52586564486b31b86b7d3cba4b51d94c8fc37f90bf55a375d96d079a4c1,4
img_nuinsseg_000206,data/raw/nuinsseg_human_22_original/human_tissue_image-oesophagus/human_oesophagus_10.png,oesophagus,12,human_oesophagus_10.png,512,512,3,e037bb9643ca35a06eadc452868a8010d6687da0ffd70dd7d78a68dc4d195e13,1
img_nuinsseg_000207,data/raw/nuinsseg_human_22_original/human_tissue_image-oesophagus/human_oesophagus_11.png,oesophagus,12,human_oesophagus_11.png,512,512,3,54f632ead786abf4218723bcd8f3d9567264d59dfcb57ceec5fee14d14ec9fce,1
img_nuinsseg_000208,data/raw/nuinsseg_human_22_original/human_tissue_image-oesophagus/human_oesophagus_12.png,oesophagus,12,human_oesophagus_12.png,512,512,3,2012e35c4893d181b365d34ff93ee88380e9fa3509561db28ff42827e516e4a1,2
img_nuinsseg_000209,data/raw/nuinsseg_human_22_original/human_tissue_image-oesophagus/human_oesophagus_13.png,oesophagus,12,human_oesophagus_13.png,512,512,3,9886117208a5eb286b3c4b8eb9a90dabad0f430c570da5181833664535983296,0
img_nuinsseg_000210,data/raw/nuinsseg_human_22_original/human_tissue_image-oesophagus/human_oesophagus_14.png,oesophagus,12,human_oesophagus_14.png,512,512,3,d73566378151f9604e100d306c1fdae593b8405f62af0cff805a182b19c7f5a8,3
img_nuinsseg_000211,data/raw/nuinsseg_human_22_original/human_tissue_image-oesophagus/human_oesophagus_15.png,oesophagus,12,human_oesophagus_15.png,512,512,3,e7374e100164ccca46c279da13df937e39b22290070e6d3ae5666980a7f01387,2
img_nuinsseg_000212,data/raw/nuinsseg_human_22_original/human_tissue_image-oesophagus/human_oesophagus_16.png,oesophagus,12,human_oesophagus_16.png,512,512,3,648313a5504ab1949cde6c794d1447e91d730d8df6b973a4e31502688d5d04f9,3
img_nuinsseg_000213,data/raw/nuinsseg_human_22_original/human_tissue_image-oesophagus/human_oesophagus_17.png,oesophagus,12,human_oesophagus_17.png,512,512,3,e6c19882420990a013fb5c63e50286c666b42746111e095f459e555eabaa14a9,2
img_nuinsseg_000214,data/raw/nuinsseg_human_22_original/human_tissue_image-oesophagus/human_oesophagus_18.png,oesophagus,12,human_oesophagus_18.png,512,512,3,b53cc4245ae6c3d49ef7f99df5a9550c5d5ca0741bbbf7915daf4c458ac114c7,2
img_nuinsseg_000215,data/raw/nuinsseg_human_22_original/human_tissue_image-oesophagus/human_oesophagus_20.png,oesophagus,12,human_oesophagus_20.png,512,512,3,33ad81ded2c628c10f770e1863f605871d6ce7f6b2263c39fa63d2ee651a72e7,0
img_nuinsseg_000216,data/raw/nuinsseg_human_22_original/human_tissue_image-oesophagus/human_oesophagus_21.png,oesophagus,12,human_oesophagus_21.png,512,512,3,62eda9b4ceae28492217ea861c9af986ffcd499794c6392a157df905180b87c6,2
img_nuinsseg_000217,data/raw/nuinsseg_human_22_original/human_tissue_image-oesophagus/human_oesophagus_22.png,oesophagus,12,human_oesophagus_22.png,512,512,3,b6df7e3798865bba64be4e16a98e64673fb69970ecc3f69a9abdc6d53ba285bd,3
img_nuinsseg_000218,data/raw/nuinsseg_human_22_original/human_tissue_image-oesophagus/human_oesophagus_23.png,oesophagus,12,human_oesophagus_23.png,512,512,3,b8e31fd7001e7d5e4436fa1bbbfac91191658082ff320ed1153a793c1897037a,1
img_nuinsseg_000219,data/raw/nuinsseg_human_22_original/human_tissue_image-oesophagus/human_oesophagus_24.png,oesophagus,12,human_oesophagus_24.png,512,512,3,55017db5efc259d9d7912f89e0ce39dc2be125368e3e724ed63faa655606f261,0
img_nuinsseg_000220,data/raw/nuinsseg_human_22_original/human_tissue_image-oesophagus/human_oesophagus_25.png,oesophagus,12,human_oesophagus_25.png,512,512,3,459f70a6389cb5bd82124f4056a91b2262846e16e4d8c120235b62488057f999,3
img_nuinsseg_000221,data/raw/nuinsseg_human_22_original/human_tissue_image-oesophagus/human_oesophagus_26.png,oesophagus,12,human_oesophagus_26.png,512,512,3,1dcd50bd6360230e690b78de98b23aafec5d89a9d8f29992265fbb465d776554,0
img_nuinsseg_000222,data/raw/nuinsseg_human_22_original/human_tissue_image-oesophagus/human_oesophagus_27.png,oesophagus,12,human_oesophagus_27.png,512,512,3,eaf090bb87dbce12d577c7e7c9368578ae55547cc10c9d337aa5226e0c6ac8eb,2
img_nuinsseg_000223,data/raw/nuinsseg_human_22_original/human_tissue_image-oesophagus/human_oesophagus_28.png,oesophagus,12,human_oesophagus_28.png,512,512,3,e527dcbf928c32f809783d93cd98af7c514737c1304143db9b114430053c6d79,4
img_nuinsseg_000224,data/raw/nuinsseg_human_22_original/human_tissue_image-oesophagus/human_oesophagus_29.png,oesophagus,12,human_oesophagus_29.png,512,512,3,1aec4ea5fcd710599f14619973410fc4e4abe6d8e92261013ef49e9a281a74c8,2
img_nuinsseg_000225,data/raw/nuinsseg_human_22_original/human_tissue_image-oesophagus/human_oesophagus_30.png,oesophagus,12,human_oesophagus_30.png,512,512,3,1813cdcf1832200bdc0968fd74d0d41f8a8e6a3248e85a3caf3af4f36cea20ec,3
img_nuinsseg_000226,data/raw/nuinsseg_human_22_original/human_tissue_image-oesophagus/human_oesophagus_31.png,oesophagus,12,human_oesophagus_31.png,512,512,3,c3f2699df029d15895a9758939ac2fe134ad270f8c0d5ac270275dfc33fcd88a,1
img_nuinsseg_000227,data/raw/nuinsseg_human_22_original/human_tissue_image-oesophagus/human_oesophagus_32.png,oesophagus,12,human_oesophagus_32.png,512,512,3,179af4858d5c955888a371f5219cfd1d3927c62c89673f8aa1a63a1a1f3654d5,3
img_nuinsseg_000228,data/raw/nuinsseg_human_22_original/human_tissue_image-oesophagus/human_oesophagus_33.png,oesophagus,12,human_oesophagus_33.png,512,512,3,8eebaca6554fde1123e637b2ec594d014ec10079cc0f584ebaa6c61879b5a661,0
img_nuinsseg_000229,data/raw/nuinsseg_human_22_original/human_tissue_image-oesophagus/human_oesophagus_34.png,oesophagus,12,human_oesophagus_34.png,512,512,3,6127f12765d165d5c9eff51c04cef8f01d6a99708a6e3a207f8a88c507b6cffb,4
img_nuinsseg_000230,data/raw/nuinsseg_human_22_original/human_tissue_image-oesophagus/human_oesophagus_35.png,oesophagus,12,human_oesophagus_35.png,512,512,3,15fde99def153e35570424177562f44046537c34535ee8920a98ea3c8852b74d,2
img_nuinsseg_000231,data/raw/nuinsseg_human_22_original/human_tissue_image-oesophagus/human_oesophagus_36.png,oesophagus,12,human_oesophagus_36.png,512,512,3,68ec444abf69e61045c976bf19e3b02477f540f22dca9ff1ea019f19b5cc90a2,2
img_nuinsseg_000232,data/raw/nuinsseg_human_22_original/human_tissue_image-oesophagus/human_oesophagus_37.png,oesophagus,12,human_oesophagus_37.png,512,512,3,5eab7ca1e920d7ccb54de9dc570925b44e6843f79fe70cca0f4e8a8f769893d7,4
img_nuinsseg_000233,data/raw/nuinsseg_human_22_original/human_tissue_image-oesophagus/human_oesophagus_38.png,oesophagus,12,human_oesophagus_38.png,512,512,3,239c2b0cc382657231c9218637faeaf4c41aa5ace4a61405553a92ac966b9a7d,4
img_nuinsseg_000234,data/raw/nuinsseg_human_22_original/human_tissue_image-oesophagus/human_oesophagus_39.png,oesophagus,12,human_oesophagus_39.png,512,512,3,48b516566814b9533d79cd6a385fa6b8a3b77104aa5163570e0740214a6d274f,1
img_nuinsseg_000235,data/raw/nuinsseg_human_22_original/human_tissue_image-oesophagus/human_oesophagus_40.png,oesophagus,12,human_oesophagus_40.png,512,512,3,bd808edd6adb24cc9097fa158410f3cf1ee912fc666145ef68dd8e7d2676b7b6,3
img_nuinsseg_000236,data/raw/nuinsseg_human_22_original/human_tissue_image-oesophagus/human_oesophagus_41.png,oesophagus,12,human_oesophagus_41.png,512,512,3,71bec86d0fba99f572ea4f178a65aa2575e59f158f344fb3a3d45443ae53e1fa,0
img_nuinsseg_000237,data/raw/nuinsseg_human_22_original/human_tissue_image-oesophagus/human_oesophagus_42.png,oesophagus,12,human_oesophagus_42.png,512,512,3,8356c96d35310c1ff2685adefc8fa889e1b2c28480738c580cedea9dedf43edf,0
img_nuinsseg_000238,data/raw/nuinsseg_human_22_original/human_tissue_image-oesophagus/human_oesophagus_43.png,oesophagus,12,human_oesophagus_43.png,512,512,3,eca271dcc8496e5e83a9a48ad55f7f7160612abc22d1285e3a167408ca374f67,4
img_nuinsseg_000239,data/raw/nuinsseg_human_22_original/human_tissue_image-oesophagus/human_oesophagus_44.png,oesophagus,12,human_oesophagus_44.png,512,512,3,a3cf9cb8f183081404d72954afd2af6452710d3ab11d61e48ca503d1207515a9,1
img_nuinsseg_000240,data/raw/nuinsseg_human_22_original/human_tissue_image-oesophagus/human_oesophagus_45.png,oesophagus,12,human_oesophagus_45.png,512,512,3,cfba2b4a734c2187b384b09bb44df59ede2576d3b3e14e4726f95ba1de72a34f,4
img_nuinsseg_000241,data/raw/nuinsseg_human_22_original/human_tissue_image-oesophagus/human_oesophagus_46.png,oesophagus,12,human_oesophagus_46.png,512,512,3,94c45b8820d7af6ef2e2b36b80ccc6a2d374b73de597dbbd01c0482827a58853,2
img_nuinsseg_000242,data/raw/nuinsseg_human_22_original/human_tissue_image-oesophagus/human_oesophagus_47.png,oesophagus,12,human_oesophagus_47.png,512,512,3,8c1dc72a0f46d8bfb46a8221bcdaa90cdab45781d0806eac1603d227c4f5d536,4
img_nuinsseg_000243,data/raw/nuinsseg_human_22_original/human_tissue_image-oesophagus/human_oesophagus_48.png,oesophagus,12,human_oesophagus_48.png,512,512,3,e84f1684e8338561d8266679791a0f0c9a53f6ef3531ac97f1c68a652da04046,3
img_nuinsseg_000244,data/raw/nuinsseg_human_22_original/human_tissue_image-pancreas/human_pancreas_01.png,pancreas,13,human_pancreas_01.png,512,512,3,1c9b7a47640b2ba07d0bf80ef528081b3a45598a868dab67b61f2d7a0cdf776f,4
img_nuinsseg_000245,data/raw/nuinsseg_human_22_original/human_tissue_image-pancreas/human_pancreas_02.png,pancreas,13,human_pancreas_02.png,512,512,3,bbfe06ae2ffbc060b9fb9c5cd3f22ed5b2fcc403a596dc828e22c53c09d071bd,2
img_nuinsseg_000246,data/raw/nuinsseg_human_22_original/human_tissue_image-pancreas/human_pancreas_03.png,pancreas,13,human_pancreas_03.png,512,512,3,7449a33b269b0aea703836641e75043bd14fc2a9be5dc1e992b7cb6a4781b9a7,1
img_nuinsseg_000247,data/raw/nuinsseg_human_22_original/human_tissue_image-pancreas/human_pancreas_04.png,pancreas,13,human_pancreas_04.png,512,512,3,ea0dbf06c57c71e97e838fa228eb13d1039fc156c46d78c128d8fc6c0c9dda17,4
img_nuinsseg_000248,data/raw/nuinsseg_human_22_original/human_tissue_image-pancreas/human_pancreas_05.png,pancreas,13,human_pancreas_05.png,512,512,3,847e9c730da823ac11f5ba1cace08e818e10f710865c7fa290c6f6a746981d73,0
img_nuinsseg_000249,data/raw/nuinsseg_human_22_original/human_tissue_image-pancreas/human_pancreas_06.png,pancreas,13,human_pancreas_06.png,512,512,3,2ba16b4cdcfc2c519e3787ade5808b273b23277a03834a5169dfcf06ed1cf949,2
img_nuinsseg_000250,data/raw/nuinsseg_human_22_original/human_tissue_image-pancreas/human_pancreas_07.png,pancreas,13,human_pancreas_07.png,512,512,3,d3ad026252355dc50a75162bc6b5fca10a8a528a67ffbf8787ad300cde5fecd0,0
img_nuinsseg_000251,data/raw/nuinsseg_human_22_original/human_tissue_image-pancreas/human_pancreas_08.png,pancreas,13,human_pancreas_08.png,512,512,3,592c7b96ee8d460d4d7abe16f0f84890960a3108b5fc223984f73010c5e7e15f,0
img_nuinsseg_000252,data/raw/nuinsseg_human_22_original/human_tissue_image-pancreas/human_pancreas_09.png,pancreas,13,human_pancreas_09.png,512,512,3,cf44f304ab2fb74f39115b99186c335f35f439642d494cd99324b2ddadd5e2f2,4
img_nuinsseg_000253,data/raw/nuinsseg_human_22_original/human_tissue_image-pancreas/human_pancreas_10.png,pancreas,13,human_pancreas_10.png,512,512,3,5be2375097313b0cad44da93d232fc8c3df20421e303a3548db750cf27274dff,1
img_nuinsseg_000254,data/raw/nuinsseg_human_22_original/human_tissue_image-pancreas/human_pancreas_11.png,pancreas,13,human_pancreas_11.png,512,512,3,d2eecac3db3557671c328b45171de191c226e973a79e75cf33a97fc66f885989,3
img_nuinsseg_000255,data/raw/nuinsseg_human_22_original/human_tissue_image-pancreas/human_pancreas_12.png,pancreas,13,human_pancreas_12.png,512,512,3,edea1c18efbaad50e27b6e732a89824f66fbdf5351bf91fb9ad559a3afc3054a,1
img_nuinsseg_000256,data/raw/nuinsseg_human_22_original/human_tissue_image-pancreas/human_pancreas_13.png,pancreas,13,human_pancreas_13.png,512,512,3,80cc21708fde5599fc616162bfb077a863774385b1fb6a43c9532d95848742fb,0
img_nuinsseg_000257,data/raw/nuinsseg_human_22_original/human_tissue_image-pancreas/human_pancreas_14.png,pancreas,13,human_pancreas_14.png,512,512,3,041f76699cf18c6d43bce533919a758162dfa055aefbaede7ae7f88b202de1c7,3
img_nuinsseg_000258,data/raw/nuinsseg_human_22_original/human_tissue_image-pancreas/human_pancreas_15.png,pancreas,13,human_pancreas_15.png,512,512,3,b7af0a56c802365a70ef758cccb581c5f0d46fe8fc08c426f7a73e69d95b721e,4
img_nuinsseg_000259,data/raw/nuinsseg_human_22_original/human_tissue_image-pancreas/human_pancreas_16.png,pancreas,13,human_pancreas_16.png,512,512,3,9b830b76c933bdf314c9e05137dd5312c2d5f238a5c3c38217227e161243e20d,2
img_nuinsseg_000260,data/raw/nuinsseg_human_22_original/human_tissue_image-pancreas/human_pancreas_17.png,pancreas,13,human_pancreas_17.png,512,512,3,25355f77f6b9e239970bf8338e75a02684800e955a94fab9ed013817a207ae84,4
img_nuinsseg_000261,data/raw/nuinsseg_human_22_original/human_tissue_image-pancreas/human_pancreas_18.png,pancreas,13,human_pancreas_18.png,512,512,3,ef5cccbb76e5f922a8382c4882590efc8708e67f637942b1b1e3c02cb79019eb,0
img_nuinsseg_000262,data/raw/nuinsseg_human_22_original/human_tissue_image-pancreas/human_pancreas_19.png,pancreas,13,human_pancreas_19.png,512,512,3,385f84d92046dc1f8b59514dddd6971b88ca15dab747cfd35188b2405b9ed303,1
img_nuinsseg_000263,data/raw/nuinsseg_human_22_original/human_tissue_image-pancreas/human_pancreas_20.png,pancreas,13,human_pancreas_20.png,512,512,3,ff3023f4110c05e15d5f26563281e58776786edd056f1d11e9d758f791b654f5,3
img_nuinsseg_000264,data/raw/nuinsseg_human_22_original/human_tissue_image-pancreas/human_pancreas_21.png,pancreas,13,human_pancreas_21.png,512,512,3,a042f0fbd1c9bc3bc0534b5f2884a98497e98676e2f5151124981f2def224159,4
img_nuinsseg_000265,data/raw/nuinsseg_human_22_original/human_tissue_image-pancreas/human_pancreas_22.png,pancreas,13,human_pancreas_22.png,512,512,3,203a7dd03a8fb865160ee70bab9ff835ee986728a86f90181f0f91bf168fd0ea,0
img_nuinsseg_000266,data/raw/nuinsseg_human_22_original/human_tissue_image-pancreas/human_pancreas_23.png,pancreas,13,human_pancreas_23.png,512,512,3,9caba5c590ea63aaff53d06084ee3462e589f3f1f6d25afec9dd3ab75425bcc0,1
img_nuinsseg_000267,data/raw/nuinsseg_human_22_original/human_tissue_image-pancreas/human_pancreas_24.png,pancreas,13,human_pancreas_24.png,512,512,3,e2b8c8c532bc05585e1d690f2488fa84dcce36073f58ae1e829826ce5d105e0f,4
img_nuinsseg_000268,data/raw/nuinsseg_human_22_original/human_tissue_image-pancreas/human_pancreas_25.png,pancreas,13,human_pancreas_25.png,512,512,3,33c5d471b51ba9086b80bfce4bfa7306489345d56f4d78303d8d2357623e692e,3
img_nuinsseg_000269,data/raw/nuinsseg_human_22_original/human_tissue_image-pancreas/human_pancreas_26.png,pancreas,13,human_pancreas_26.png,512,512,3,bd088dc7e3e503f33815d95c9ea1e8b04621e6051ad685d1bc522ce62d5feb4b,2
img_nuinsseg_000270,data/raw/nuinsseg_human_22_original/human_tissue_image-pancreas/human_pancreas_27.png,pancreas,13,human_pancreas_27.png,512,512,3,9facadb6b6e17811f039584331e30e2e438303c901a5c4f0a84b038304f7e10c,1
img_nuinsseg_000271,data/raw/nuinsseg_human_22_original/human_tissue_image-pancreas/human_pancreas_28.png,pancreas,13,human_pancreas_28.png,512,512,3,dfc6dd354002870d058212c9825a30c4f09471dc41d0b4b364c12fe485b3638c,4
img_nuinsseg_000272,data/raw/nuinsseg_human_22_original/human_tissue_image-pancreas/human_pancreas_29.png,pancreas,13,human_pancreas_29.png,512,512,3,164f4247d33bff76242b32198cd660e8b554921cb0000bde713cc82b64b52003,0
img_nuinsseg_000273,data/raw/nuinsseg_human_22_original/human_tissue_image-pancreas/human_pancreas_30.png,pancreas,13,human_pancreas_30.png,512,512,3,132a7cae4a102654e2648106eba979cde4ff3a819a7c3f254e47944a194d4b41,1
img_nuinsseg_000274,data/raw/nuinsseg_human_22_original/human_tissue_image-pancreas/human_pancreas_31.png,pancreas,13,human_pancreas_31.png,512,512,3,1ee318bebecb025206360c26b47c22b95ab62cb9c5962194655e9f942439ae3c,3
img_nuinsseg_000275,data/raw/nuinsseg_human_22_original/human_tissue_image-pancreas/human_pancreas_32.png,pancreas,13,human_pancreas_32.png,512,512,3,b36a1c7a95c1c6444cfff552c82dd05ce9b905b9a969fe13d4ad1d5eeab01277,3
img_nuinsseg_000276,data/raw/nuinsseg_human_22_original/human_tissue_image-pancreas/human_pancreas_33.png,pancreas,13,human_pancreas_33.png,512,512,3,4fa7a68b843bda80dcadac98a6d63372bbf5975f8c002116edae21c1a0e71b7c,2
img_nuinsseg_000277,data/raw/nuinsseg_human_22_original/human_tissue_image-pancreas/human_pancreas_34.png,pancreas,13,human_pancreas_34.png,512,512,3,9911dd9a7b9f308b261ab8f1bcf6436109018fc9e634653f951ebc32fe2557df,2
img_nuinsseg_000278,data/raw/nuinsseg_human_22_original/human_tissue_image-pancreas/human_pancreas_35.png,pancreas,13,human_pancreas_35.png,512,512,3,ed73a5f949e285a97bb7a8a67c2e0bbbb56015e4e3b8c0cc44d7c90ba4b96a4d,3
img_nuinsseg_000279,data/raw/nuinsseg_human_22_original/human_tissue_image-pancreas/human_pancreas_36.png,pancreas,13,human_pancreas_36.png,512,512,3,a15c95561f01e220920eb52b140ee584b2d53850a12e6e9ce247194ac17beb0e,1
img_nuinsseg_000280,data/raw/nuinsseg_human_22_original/human_tissue_image-pancreas/human_pancreas_37.png,pancreas,13,human_pancreas_37.png,512,512,3,28b527c12e630220c6edf32e39f7c26cb9fc785264605e09473efcb90f10134b,0
img_nuinsseg_000281,data/raw/nuinsseg_human_22_original/human_tissue_image-pancreas/human_pancreas_38.png,pancreas,13,human_pancreas_38.png,512,512,3,45cd302386bebd206f7ebd34330e274543ae52d0016b900bb615a3953bc2fa51,1
img_nuinsseg_000282,data/raw/nuinsseg_human_22_original/human_tissue_image-pancreas/human_pancreas_39.png,pancreas,13,human_pancreas_39.png,512,512,3,4d7a8ad938aed9c7746796130453f4bf4d102d2ee61891c2e51729c7326f0e6a,4
img_nuinsseg_000283,data/raw/nuinsseg_human_22_original/human_tissue_image-pancreas/human_pancreas_40.png,pancreas,13,human_pancreas_40.png,512,512,3,48ba8c06d09974fcfc2d7bbdf8bf06a011fc541601c5fdc723ab31453a287d5f,3
img_nuinsseg_000284,data/raw/nuinsseg_human_22_original/human_tissue_image-pancreas/human_pancreas_41.png,pancreas,13,human_pancreas_41.png,512,512,3,7761072b4f7e6f455f5294d4d25e9ed2377c74563bb1b88dc82478cff2209646,0
img_nuinsseg_000285,data/raw/nuinsseg_human_22_original/human_tissue_image-pancreas/human_pancreas_42.png,pancreas,13,human_pancreas_42.png,512,512,3,c48a5ee50d9574606651c81f4b405cbcde12e06d131bc628e4a8ac6dd60b5ded,3
img_nuinsseg_000286,data/raw/nuinsseg_human_22_original/human_tissue_image-pancreas/human_pancreas_43.png,pancreas,13,human_pancreas_43.png,512,512,3,534185a2e3b53a06354c3982d23d32014f135441b4a7b24b01704cc8f83c4fb5,2
img_nuinsseg_000287,data/raw/nuinsseg_human_22_original/human_tissue_image-pancreas/human_pancreas_44.png,pancreas,13,human_pancreas_44.png,512,512,3,052769fa7242c6bce6b371c08c52138933579774edf7b634b93120cedc926d33,2
img_nuinsseg_000288,data/raw/nuinsseg_human_22_original/human_tissue_image-peritoneum/human_peritoneum_1.png,peritoneum,14,human_peritoneum_1.png,512,512,3,cb4234b7921979461df9b5d97d3558bb3b6b37a5abc74c61372add7b67bb149f,0
img_nuinsseg_000289,data/raw/nuinsseg_human_22_original/human_tissue_image-peritoneum/human_peritoneum_10.png,peritoneum,14,human_peritoneum_10.png,512,512,3,f0a1367696db2d74ea2b398e26dd5cf18b690384c2570817ee3a5fcaddf80cfd,3
img_nuinsseg_000290,data/raw/nuinsseg_human_22_original/human_tissue_image-peritoneum/human_peritoneum_11.png,peritoneum,14,human_peritoneum_11.png,512,512,3,e77d3dc8c6bb8ff0a3108885ad4785b2337dbbf70c91b6642ba944cff1baf8c9,2
img_nuinsseg_000291,data/raw/nuinsseg_human_22_original/human_tissue_image-peritoneum/human_peritoneum_12.png,peritoneum,14,human_peritoneum_12.png,512,512,3,f2702057ceb890670e3a5f99a54c0aed466a24f6b6de5130557e8505d1613381,2
img_nuinsseg_000292,data/raw/nuinsseg_human_22_original/human_tissue_image-peritoneum/human_peritoneum_2.png,peritoneum,14,human_peritoneum_2.png,512,512,3,bd71cb8b43ca0e54208edfc5637cfbf1feb3a5b795bb60fe25e792bb4b838f1c,0
img_nuinsseg_000293,data/raw/nuinsseg_human_22_original/human_tissue_image-peritoneum/human_peritoneum_3.png,peritoneum,14,human_peritoneum_3.png,512,512,3,deaa0a0bbc611b5c50ad042a75cbbfc54d891badc25db0413231ccc0a50658e6,3
img_nuinsseg_000294,data/raw/nuinsseg_human_22_original/human_tissue_image-peritoneum/human_peritoneum_4.png,peritoneum,14,human_peritoneum_4.png,512,512,3,be249971b965edb36e66f37cd00b49a8c73735c29181d46ccc2e018efc8e15c8,1
img_nuinsseg_000295,data/raw/nuinsseg_human_22_original/human_tissue_image-peritoneum/human_peritoneum_5.png,peritoneum,14,human_peritoneum_5.png,512,512,3,14b01105a7eaf0ab18d3914aadf941e16d6c0936f861ff69afe868c255cf7391,4
img_nuinsseg_000296,data/raw/nuinsseg_human_22_original/human_tissue_image-peritoneum/human_peritoneum_6.png,peritoneum,14,human_peritoneum_6.png,512,512,3,799b58fb9ffef9dedded5ac9df2ddceb0342d56cd7dbfaabf429e030b526e327,4
img_nuinsseg_000297,data/raw/nuinsseg_human_22_original/human_tissue_image-peritoneum/human_peritoneum_7.png,peritoneum,14,human_peritoneum_7.png,512,512,3,6e0107416216d3fbe3643774542addfd4a1eccecf77dbe6f5e42ba3516c7f446,3
img_nuinsseg_000298,data/raw/nuinsseg_human_22_original/human_tissue_image-peritoneum/human_peritoneum_8.png,peritoneum,14,human_peritoneum_8.png,512,512,3,783d043dee879548034fce00471f0e7912d10bc7d8b2f8bfb3d8eb8140cc00bc,2
img_nuinsseg_000299,data/raw/nuinsseg_human_22_original/human_tissue_image-peritoneum/human_peritoneum_9.png,peritoneum,14,human_peritoneum_9.png,512,512,3,f4e8fb31e2b2b279f5a78d37d4741f76efd6a6c629a67e3130709c530e8ecdf8,1
img_nuinsseg_000300,data/raw/nuinsseg_human_22_original/human_tissue_image-pylorus/human_pylorus_1.png,pylorus,15,human_pylorus_1.png,512,512,3,774e6eb9122ff2b95897990856b3afe6aedec025c7281c33bc675d19c4c406a7,3
img_nuinsseg_000301,data/raw/nuinsseg_human_22_original/human_tissue_image-pylorus/human_pylorus_10.png,pylorus,15,human_pylorus_10.png,512,512,3,80f07e232bf06ccb4b8f9ebbfe530d50fc6729f355d4aefd1a61ee23afcdb5ed,4
img_nuinsseg_000302,data/raw/nuinsseg_human_22_original/human_tissue_image-pylorus/human_pylorus_11.png,pylorus,15,human_pylorus_11.png,512,512,3,7aa8649cc00d6b95cc992f5f2d770f3e5431543739c70a502af3ac7cce63f5d8,2
img_nuinsseg_000303,data/raw/nuinsseg_human_22_original/human_tissue_image-pylorus/human_pylorus_12.png,pylorus,15,human_pylorus_12.png,512,512,3,f9b227c1bbb939fbd0f3f50aeabee56aaf17848a8b634ef34d1eeb42de7b3a8e,3
img_nuinsseg_000304,data/raw/nuinsseg_human_22_original/human_tissue_image-pylorus/human_pylorus_2.png,pylorus,15,human_pylorus_2.png,512,512,3,5e8bfabf102b76cbad653fb1a77f6cc26528a4402548396985848d7f02be2b03,1
img_nuinsseg_000305,data/raw/nuinsseg_human_22_original/human_tissue_image-pylorus/human_pylorus_3.png,pylorus,15,human_pylorus_3.png,512,512,3,fcb86e3c79e1513af488097b783931f5d80d5f94e32cf2e0a699bc81a156c6fc,0
img_nuinsseg_000306,data/raw/nuinsseg_human_22_original/human_tissue_image-pylorus/human_pylorus_4.png,pylorus,15,human_pylorus_4.png,512,512,3,f4b0d3296870c1d3eee0e65c5f2877d18b875441c06df5226d9aadcb4f0f920e,1
img_nuinsseg_000307,data/raw/nuinsseg_human_22_original/human_tissue_image-pylorus/human_pylorus_5.png,pylorus,15,human_pylorus_5.png,512,512,3,f84d5bd7209d9536864d097fa808774f63a76e6330a2508d54fa5ab00530ce4b,0
img_nuinsseg_000308,data/raw/nuinsseg_human_22_original/human_tissue_image-pylorus/human_pylorus_6.png,pylorus,15,human_pylorus_6.png,512,512,3,9ce4604b8a28a5960b2360463cbbc042c362f08d12b0aa9e39a28e8979cad76b,2
img_nuinsseg_000309,data/raw/nuinsseg_human_22_original/human_tissue_image-pylorus/human_pylorus_7.png,pylorus,15,human_pylorus_7.png,512,512,3,032ddd60b78058327a4529dc226f58164063545969542edafeca3b9fe647be96,4
img_nuinsseg_000310,data/raw/nuinsseg_human_22_original/human_tissue_image-pylorus/human_pylorus_8.png,pylorus,15,human_pylorus_8.png,512,512,3,d9f7943ad77e6410fd1a96cdc36ce52df0d2104da81572b0c51e348b5481a041,4
img_nuinsseg_000311,data/raw/nuinsseg_human_22_original/human_tissue_image-pylorus/human_pylorus_9.png,pylorus,15,human_pylorus_9.png,512,512,3,30cf9f0017915a881d7dff88e6a94eb38e81f3349dc73aa510c0171236c07368,0
img_nuinsseg_000312,data/raw/nuinsseg_human_22_original/human_tissue_image-rectum/human_rectum_1.png,rectum,16,human_rectum_1.png,512,512,3,fce71fb78f7178c70c7b91e72a2216014bfec8c1da0c362e6c5618bb380d2521,0
img_nuinsseg_000313,data/raw/nuinsseg_human_22_original/human_tissue_image-rectum/human_rectum_10.png,rectum,16,human_rectum_10.png,512,512,3,2a34bf22301f9c39bc31bde3cfd3dc7ec1d3ac7d939cca83c590c86ae58e0dfd,4
img_nuinsseg_000314,data/raw/nuinsseg_human_22_original/human_tissue_image-rectum/human_rectum_11.png,rectum,16,human_rectum_11.png,512,512,3,cdc56304d071270338725f385c7e1e382f4e0fc05d96ddef36a63ef9a31f285a,3
img_nuinsseg_000315,data/raw/nuinsseg_human_22_original/human_tissue_image-rectum/human_rectum_12.png,rectum,16,human_rectum_12.png,512,512,3,37b17fe3719efa06feac9d936ec2f7e192fa75de6cc2bfb1d8cf3ea1b8af9404,4
img_nuinsseg_000316,data/raw/nuinsseg_human_22_original/human_tissue_image-rectum/human_rectum_2.png,rectum,16,human_rectum_2.png,512,512,3,f7e00b34a14ba2530494aca65d3f10272e866afd679a1eedf8a40575fd1e4ae3,2
img_nuinsseg_000317,data/raw/nuinsseg_human_22_original/human_tissue_image-rectum/human_rectum_3.png,rectum,16,human_rectum_3.png,512,512,3,ec6120827e015e72968a65425dc4c49af7060b80f570787e07f8c6527aca0152,0
img_nuinsseg_000318,data/raw/nuinsseg_human_22_original/human_tissue_image-rectum/human_rectum_4.png,rectum,16,human_rectum_4.png,512,512,3,8a1e93e27115d00babc152a2df9dd54e5dbdf500f4770b2b27eadd06fb8a0a7b,1
img_nuinsseg_000319,data/raw/nuinsseg_human_22_original/human_tissue_image-rectum/human_rectum_5.png,rectum,16,human_rectum_5.png,512,512,3,f5f84021ad3bf2ea89fe3aa981f5f87329c3811e52f13ab489a877fcc1c6167e,2
img_nuinsseg_000320,data/raw/nuinsseg_human_22_original/human_tissue_image-rectum/human_rectum_6.png,rectum,16,human_rectum_6.png,512,512,3,55a1ee7580055411d37942dc7147953539dbfe45bbdff81a1efb21818795676a,3
img_nuinsseg_000321,data/raw/nuinsseg_human_22_original/human_tissue_image-rectum/human_rectum_7.png,rectum,16,human_rectum_7.png,512,512,3,88d3a14082e2c08eb5b9f7c154d738ba8905d366847d5bc9c5a64c85a0a282ea,2
img_nuinsseg_000322,data/raw/nuinsseg_human_22_original/human_tissue_image-rectum/human_rectum_8.png,rectum,16,human_rectum_8.png,512,512,3,32f0080e9541ce4b9441c67b660133f7c55f007be34caabe22f9991c61745651,1
img_nuinsseg_000323,data/raw/nuinsseg_human_22_original/human_tissue_image-rectum/human_rectum_9.png,rectum,16,human_rectum_9.png,512,512,3,eb26cf6d32a9f862f849d5ae1470ae9c218ff1673a83802f744c4cff446ca0f2,1
img_nuinsseg_000324,data/raw/nuinsseg_human_22_original/human_tissue_image-spleen/human_spleen_01.png,spleen,17,human_spleen_01.png,512,512,3,7f40da1ff0b4fe13a87d0960dd8be463364663ff4c140ea2dbe2099e18c4a996,1
img_nuinsseg_000325,data/raw/nuinsseg_human_22_original/human_tissue_image-spleen/human_spleen_02.png,spleen,17,human_spleen_02.png,512,512,3,722cbb27f726a251e3cdb8811f103dac0874962623a7ea58b037b22cb04197b4,3
img_nuinsseg_000326,data/raw/nuinsseg_human_22_original/human_tissue_image-spleen/human_spleen_03.png,spleen,17,human_spleen_03.png,512,512,3,3f786b7dd138fd213a8dd4eec96939f79f60a44f1a6b564aca8ad2243caa4070,3
img_nuinsseg_000327,data/raw/nuinsseg_human_22_original/human_tissue_image-spleen/human_spleen_04.png,spleen,17,human_spleen_04.png,512,512,3,5c62f1a4dcbd6f9a5513b62908bb5e67d5d0cb25725f1e35d79c4ee981428bee,0
img_nuinsseg_000328,data/raw/nuinsseg_human_22_original/human_tissue_image-spleen/human_spleen_05.png,spleen,17,human_spleen_05.png,512,512,3,8befa58861ffbbaba786a136a62b6bc02370fd0298f3e5c0efc1356533f91250,1
img_nuinsseg_000329,data/raw/nuinsseg_human_22_original/human_tissue_image-spleen/human_spleen_06.png,spleen,17,human_spleen_06.png,512,512,3,728718cb176872ef09b7ae2d7f2750742e354937769a683e8fc68a83b25a9b15,1
img_nuinsseg_000330,data/raw/nuinsseg_human_22_original/human_tissue_image-spleen/human_spleen_07.png,spleen,17,human_spleen_07.png,512,512,3,8547c39dd6be233a34c3427e58c34218a33edb6a650151d72771460979cf2bd6,4
img_nuinsseg_000331,data/raw/nuinsseg_human_22_original/human_tissue_image-spleen/human_spleen_08.png,spleen,17,human_spleen_08.png,512,512,3,73decc9f720862435f41e9c66134098783acfa1fd77819f5d46d8472275cb2bc,2
img_nuinsseg_000332,data/raw/nuinsseg_human_22_original/human_tissue_image-spleen/human_spleen_09.png,spleen,17,human_spleen_09.png,512,512,3,8f3978f30e998350de3c2b0f05291b115b50ca51a3a4d14881ec7a2dba7f23f1,2
img_nuinsseg_000333,data/raw/nuinsseg_human_22_original/human_tissue_image-spleen/human_spleen_10.png,spleen,17,human_spleen_10.png,512,512,3,d65b3ee6ca53436136a1aa0168b32131fd2eee7f394af0b2b6d176d1ee946fa5,4
img_nuinsseg_000334,data/raw/nuinsseg_human_22_original/human_tissue_image-spleen/human_spleen_11.png,spleen,17,human_spleen_11.png,512,512,3,c97bf8452783190fdfa7173cbd4095cf99cb995650cc2028711b518136b615cb,3
img_nuinsseg_000335,data/raw/nuinsseg_human_22_original/human_tissue_image-spleen/human_spleen_12.png,spleen,17,human_spleen_12.png,512,512,3,208a0334bcc983a6be33010cc53d0b2ada790c0bfed6d350225383262f532310,4
img_nuinsseg_000336,data/raw/nuinsseg_human_22_original/human_tissue_image-spleen/human_spleen_13.png,spleen,17,human_spleen_13.png,512,512,3,77dc86c36c387c99cad6724382d22f185fb69db93b32c07d9544819ec2ce6ca7,1
img_nuinsseg_000337,data/raw/nuinsseg_human_22_original/human_tissue_image-spleen/human_spleen_14.png,spleen,17,human_spleen_14.png,512,512,3,746988dccce4df364cd579e53c7bad0ac94d5409bde952dad4a0de3811f342de,3
img_nuinsseg_000338,data/raw/nuinsseg_human_22_original/human_tissue_image-spleen/human_spleen_15.png,spleen,17,human_spleen_15.png,512,512,3,f79d2a1e36ecf213db32b405375d5752d121ddee49f54dca7c8bbefe2cb90f9c,2
img_nuinsseg_000339,data/raw/nuinsseg_human_22_original/human_tissue_image-spleen/human_spleen_16.png,spleen,17,human_spleen_16.png,512,512,3,56cc4d1d0466d48c7b682fa9f585ce0e8912e40d6cdee3b1cc751449761fea14,0
img_nuinsseg_000340,data/raw/nuinsseg_human_22_original/human_tissue_image-spleen/human_spleen_17.png,spleen,17,human_spleen_17.png,512,512,3,4fda12102654705d86baa042b8baf84de7b8906e6c360397ca223fc7fee9537e,0
img_nuinsseg_000341,data/raw/nuinsseg_human_22_original/human_tissue_image-spleen/human_spleen_18.png,spleen,17,human_spleen_18.png,512,512,3,9305839f5242995da005a21307972f6fcdcf82ab0efe3c3baf8ea7379ca3e5bf,2
img_nuinsseg_000342,data/raw/nuinsseg_human_22_original/human_tissue_image-spleen/human_spleen_19.png,spleen,17,human_spleen_19.png,512,512,3,5ac63e48204918a7d155320632facbbc45b1d5b738e2c908bacbfa5b909da20c,0
img_nuinsseg_000343,data/raw/nuinsseg_human_22_original/human_tissue_image-spleen/human_spleen_20.png,spleen,17,human_spleen_20.png,512,512,3,1eea23b0783292246c39e052b8a0f09da25e19d87a2ca38195f2d57fcaf6426c,3
img_nuinsseg_000344,data/raw/nuinsseg_human_22_original/human_tissue_image-spleen/human_spleen_21.png,spleen,17,human_spleen_21.png,512,512,3,8e5e8130c3d4d9820effc20438b74b258a9f5ad3b5f3ec39860c637a185c176d,2
img_nuinsseg_000345,data/raw/nuinsseg_human_22_original/human_tissue_image-spleen/human_spleen_22.png,spleen,17,human_spleen_22.png,512,512,3,3b234ded9dfdd12bc0c55f54252c37e1ca7ab234b19c592e2a72379aeaf60ab2,0
img_nuinsseg_000346,data/raw/nuinsseg_human_22_original/human_tissue_image-spleen/human_spleen_23.png,spleen,17,human_spleen_23.png,512,512,3,eba36ec49e6671890dc41ccaec060baab0a3320bdfbae60d6e84449a26dfe9ec,3
img_nuinsseg_000347,data/raw/nuinsseg_human_22_original/human_tissue_image-spleen/human_spleen_24.png,spleen,17,human_spleen_24.png,512,512,3,9994a4b848f40fb42e97eb5392a62f76894dad2ddb8f904e9dcfe56484227d8d,0
img_nuinsseg_000348,data/raw/nuinsseg_human_22_original/human_tissue_image-spleen/human_spleen_25.png,spleen,17,human_spleen_25.png,512,512,3,469e05bad7da4d219b134302a3a1faeffbd818f6c589a08dd0c324fc7482e044,1
img_nuinsseg_000349,data/raw/nuinsseg_human_22_original/human_tissue_image-spleen/human_spleen_26.png,spleen,17,human_spleen_26.png,512,512,3,031b001b0c746c2c54ddfb5143aa6f87ad41e42fc6615aee625cc810feb3ed87,4
img_nuinsseg_000350,data/raw/nuinsseg_human_22_original/human_tissue_image-spleen/human_spleen_27.png,spleen,17,human_spleen_27.png,512,512,3,7a1339f5cea0dd72511c31d6090cd6c255110b816bf3d175eaf2e3db4f0d88f1,2
img_nuinsseg_000351,data/raw/nuinsseg_human_22_original/human_tissue_image-spleen/human_spleen_28.png,spleen,17,human_spleen_28.png,512,512,3,1a3668afc96b45511ae7a771bccbf08037f97d6b9353c0a5ebafe852bccb4049,1
img_nuinsseg_000352,data/raw/nuinsseg_human_22_original/human_tissue_image-spleen/human_spleen_29.png,spleen,17,human_spleen_29.png,512,512,3,0ff351e50746a757fc19f604d2135152169742bcd83f9f9da7e3512d551e4343,4
img_nuinsseg_000353,data/raw/nuinsseg_human_22_original/human_tissue_image-spleen/human_spleen_30.png,spleen,17,human_spleen_30.png,512,512,3,e8b2959d84f263dad7f517f4d83f4acc3f28a561ce0b826ea89f9fa554290178,0
img_nuinsseg_000354,data/raw/nuinsseg_human_22_original/human_tissue_image-spleen/human_spleen_31.png,spleen,17,human_spleen_31.png,512,512,3,2c100e8cbb5ab2a702c416ef1cbf6136b91e62311d4a27786b93437fbe6b05f3,4
img_nuinsseg_000355,data/raw/nuinsseg_human_22_original/human_tissue_image-spleen/human_spleen_32.png,spleen,17,human_spleen_32.png,512,512,3,8e977cd032b5b17aed495c6a9f0462d18cae228a37618301f8b10bb1dee85083,1
img_nuinsseg_000356,data/raw/nuinsseg_human_22_original/human_tissue_image-spleen/human_spleen_33.png,spleen,17,human_spleen_33.png,512,512,3,23680b1e6e289ecfb09b48c08f71a454c05f5ce942b925015b569a191c53e772,4
img_nuinsseg_000357,data/raw/nuinsseg_human_22_original/human_tissue_image-spleen/human_spleen_34.png,spleen,17,human_spleen_34.png,512,512,3,7ebdd702cd8741c87b13fa8c85f11eccef22d491020ee1fb94b0625542563cbd,3
img_nuinsseg_000358,data/raw/nuinsseg_human_22_original/human_tissue_image-testis/human_testis_1.png,testis,18,human_testis_1.png,512,512,3,3449c5b434a2e0627a75d48b64185d803daf87ecca884a134aa6acb199bb5f6b,3
img_nuinsseg_000359,data/raw/nuinsseg_human_22_original/human_tissue_image-testis/human_testis_10.png,testis,18,human_testis_10.png,512,512,3,9f1291306ae5aa7e7e5e281f9941aed56db2f1bcba487a2adeaa924911073bf1,2
img_nuinsseg_000360,data/raw/nuinsseg_human_22_original/human_tissue_image-testis/human_testis_11.png,testis,18,human_testis_11.png,512,512,3,d4358d3fb73c0c750b071697961889a908235dda43128fabd9901689b266b2d4,0
img_nuinsseg_000361,data/raw/nuinsseg_human_22_original/human_tissue_image-testis/human_testis_12.png,testis,18,human_testis_12.png,512,512,3,aa3fd86e0bfa0d416e8d7d2566974eff0759f984ac9146645e7f6ea40029f575,3
img_nuinsseg_000362,data/raw/nuinsseg_human_22_original/human_tissue_image-testis/human_testis_2.png,testis,18,human_testis_2.png,512,512,3,3df5c4b4c6ee26981ded7d74733c81e922fbf05c50f5e3d492fdc09aa3f9a5d9,4
img_nuinsseg_000363,data/raw/nuinsseg_human_22_original/human_tissue_image-testis/human_testis_3.png,testis,18,human_testis_3.png,512,512,3,36df87382dd331f43ff654624b896ca2b82c51112505e83d2b96f5d6424870c3,4
img_nuinsseg_000364,data/raw/nuinsseg_human_22_original/human_tissue_image-testis/human_testis_4.png,testis,18,human_testis_4.png,512,512,3,7440a41ba62ada9dbf84ee7159a3d69d82ad7375dc6d38d1758e28bed8f0ae7d,2
img_nuinsseg_000365,data/raw/nuinsseg_human_22_original/human_tissue_image-testis/human_testis_5.png,testis,18,human_testis_5.png,512,512,3,92535cf9305402db11258799c61b247304a547ea9ca37ce1abe5fb289c2cef92,3
img_nuinsseg_000366,data/raw/nuinsseg_human_22_original/human_tissue_image-testis/human_testis_6.png,testis,18,human_testis_6.png,512,512,3,3a58a5f13750b81fdebfc9e7f30445c1b3ac79120ce88c0b40d476faa0f470e1,2
img_nuinsseg_000367,data/raw/nuinsseg_human_22_original/human_tissue_image-testis/human_testis_7.png,testis,18,human_testis_7.png,512,512,3,10155412e3c21801dafcb515e6334ae116f1bcaaad4f619c56364450ff57bfcd,1
img_nuinsseg_000368,data/raw/nuinsseg_human_22_original/human_tissue_image-testis/human_testis_8.png,testis,18,human_testis_8.png,512,512,3,1e447079f836677b28f48ec6d58947a1d5035a36fa22faf7bfdc02378d5bb7a0,0
img_nuinsseg_000369,data/raw/nuinsseg_human_22_original/human_tissue_image-testis/human_testis_9.png,testis,18,human_testis_9.png,512,512,3,8157a293de14cc0e3df38eac0935a7bf5f0712b100eec00239374a4ca7a6ac8e,1
img_nuinsseg_000370,data/raw/nuinsseg_human_22_original/human_tissue_image-tongue/human_tongue_01.png,tongue,19,human_tongue_01.png,512,512,3,853da6986671fbd15e7d62cb35f2fdebda5ad11621c5ed7b947ddfecf0a3ec9b,0
img_nuinsseg_000371,data/raw/nuinsseg_human_22_original/human_tissue_image-tongue/human_tongue_02.png,tongue,19,human_tongue_02.png,512,512,3,b1b4fd80663386909f0d577c76e80b7b8138039f33a955c46fa6a409065c4f7e,1
img_nuinsseg_000372,data/raw/nuinsseg_human_22_original/human_tissue_image-tongue/human_tongue_03.png,tongue,19,human_tongue_03.png,512,512,3,d48b429f2c1e466428a03d086512d1648b26ebc361218668bbe0af20a6478b8c,2
img_nuinsseg_000373,data/raw/nuinsseg_human_22_original/human_tissue_image-tongue/human_tongue_04.png,tongue,19,human_tongue_04.png,512,512,3,9d8f544e0a2b18d7f62df8e1e8fccdd932f76af6cc3be833351928791823b173,3
img_nuinsseg_000374,data/raw/nuinsseg_human_22_original/human_tissue_image-tongue/human_tongue_05.png,tongue,19,human_tongue_05.png,512,512,3,429acfb9f4a9a4e7ae8d01a0f9b156fb9b7f0df9be06c27fb9b40e1ab825df2e,0
img_nuinsseg_000375,data/raw/nuinsseg_human_22_original/human_tissue_image-tongue/human_tongue_06.png,tongue,19,human_tongue_06.png,512,512,3,10c22ee6c3870aedf6276161baa261b7e2c326360e07dfa313a2fb50a0d99db1,4
img_nuinsseg_000376,data/raw/nuinsseg_human_22_original/human_tissue_image-tongue/human_tongue_07.png,tongue,19,human_tongue_07.png,512,512,3,c1a1cd326e5b2f2a9054cfd22cb9c72bd3772cac2c9a91fbc1a01518cb0573d7,1
img_nuinsseg_000377,data/raw/nuinsseg_human_22_original/human_tissue_image-tongue/human_tongue_08.png,tongue,19,human_tongue_08.png,512,512,3,badaadfd720b5bd743199be3f13f4a8ec03e87983d8a1ee929363d57e72cc3bd,4
img_nuinsseg_000378,data/raw/nuinsseg_human_22_original/human_tissue_image-tongue/human_tongue_09.png,tongue,19,human_tongue_09.png,512,512,3,192b9b0c572bc6139f7747fc853fe4426d2fca0630588bec8de43165ffbadeee,3
img_nuinsseg_000379,data/raw/nuinsseg_human_22_original/human_tissue_image-tongue/human_tongue_10.png,tongue,19,human_tongue_10.png,512,512,3,0f47b55fc25ffdbb6fb6b4376846b5b054554bf7618df963c09bc1f68d21d628,2
img_nuinsseg_000380,data/raw/nuinsseg_human_22_original/human_tissue_image-tongue/human_tongue_11.png,tongue,19,human_tongue_11.png,512,512,3,31d511a690af6334f301d3b58f4279e7c63978079e44c9cf986555a7ec1398fa,3
img_nuinsseg_000381,data/raw/nuinsseg_human_22_original/human_tissue_image-tongue/human_tongue_12.png,tongue,19,human_tongue_12.png,512,512,3,89dffb41e728c0cfcaca6eeea5c6846212a5d6a0a438f864d375dd66fac2e769,4
img_nuinsseg_000382,data/raw/nuinsseg_human_22_original/human_tissue_image-tongue/human_tongue_13.png,tongue,19,human_tongue_13.png,512,512,3,fbb8b7388d9a9fc81a501bb7e08529dce5f2600bbeedfd1682c30254207a99c8,1
img_nuinsseg_000383,data/raw/nuinsseg_human_22_original/human_tissue_image-tongue/human_tongue_14.png,tongue,19,human_tongue_14.png,512,512,3,66460b18bf773fdc5b350681c2d88e84a8686fd410e00be57300f69e86a13341,2
img_nuinsseg_000384,data/raw/nuinsseg_human_22_original/human_tissue_image-tongue/human_tongue_15.png,tongue,19,human_tongue_15.png,512,512,3,263b84cc843cbb53cd2e348f563f62bf8d1ab62a42487e42affb6755896f704d,0
img_nuinsseg_000385,data/raw/nuinsseg_human_22_original/human_tissue_image-tongue/human_tongue_16.png,tongue,19,human_tongue_16.png,512,512,3,efcba9ac867c8319e9e5b2c608d4a019bb980ad4af5d2136a7164e1b06eff700,3
img_nuinsseg_000386,data/raw/nuinsseg_human_22_original/human_tissue_image-tongue/human_tongue_17.png,tongue,19,human_tongue_17.png,512,512,3,40f61f80a4e990fa96c79464d9bf9123f908312e07ef0dc6cf7f89539592497f,4
img_nuinsseg_000387,data/raw/nuinsseg_human_22_original/human_tissue_image-tongue/human_tongue_18.png,tongue,19,human_tongue_18.png,512,512,3,519f7ffa4d931c9dd9bfb40683e40bffbf7512d5250210bb5fc20c7b4c2a45d6,1
img_nuinsseg_000388,data/raw/nuinsseg_human_22_original/human_tissue_image-tongue/human_tongue_19.png,tongue,19,human_tongue_19.png,512,512,3,6a8db5cbfc07fc359ea5f5873402a226133e44b504011d3ec83531409af0f402,2
img_nuinsseg_000389,data/raw/nuinsseg_human_22_original/human_tissue_image-tongue/human_tongue_20.png,tongue,19,human_tongue_20.png,512,512,3,acd91ee0a8b04f358e2e17148e54a047316170e2ca799366702e44120654e462,4
img_nuinsseg_000390,data/raw/nuinsseg_human_22_original/human_tissue_image-tongue/human_tongue_21.png,tongue,19,human_tongue_21.png,512,512,3,b6dcd218979dfaaab8fba6dc45bf07b287b2cbe4ac65bd7c8278e5e9a81433b7,4
img_nuinsseg_000391,data/raw/nuinsseg_human_22_original/human_tissue_image-tongue/human_tongue_22.png,tongue,19,human_tongue_22.png,512,512,3,f2f3a3769f50832d592deef0c22a0ca5971e459154abd9f71f9cb1a0f4871137,0
img_nuinsseg_000392,data/raw/nuinsseg_human_22_original/human_tissue_image-tongue/human_tongue_23.png,tongue,19,human_tongue_23.png,512,512,3,66e98cad25516346c2c9541f2beb9ce835ec520a9c9093c20d7472d527a31e24,1
img_nuinsseg_000393,data/raw/nuinsseg_human_22_original/human_tissue_image-tongue/human_tongue_24.png,tongue,19,human_tongue_24.png,512,512,3,602fcfca81ab05422461764d200a703c43e2cf4d475ebb8bee801d06c7cb0401,4
img_nuinsseg_000394,data/raw/nuinsseg_human_22_original/human_tissue_image-tongue/human_tongue_25.png,tongue,19,human_tongue_25.png,512,512,3,6757b89a2432812a4aa6fcc01fd32a6efc0c56d94ffc1dc8e1458698da59d265,1
img_nuinsseg_000395,data/raw/nuinsseg_human_22_original/human_tissue_image-tongue/human_tongue_26.png,tongue,19,human_tongue_26.png,512,512,3,92a2a06a2c6364e8fadf2c58f3f9c4fea5518e33ed69b15cbc31c1c4832de06a,1
img_nuinsseg_000396,data/raw/nuinsseg_human_22_original/human_tissue_image-tongue/human_tongue_27.png,tongue,19,human_tongue_27.png,512,512,3,f6d83cfa9103bad2ad42e9bc3927ceba3626543e8ebf31e3783db4d2671aed8c,0
img_nuinsseg_000397,data/raw/nuinsseg_human_22_original/human_tissue_image-tongue/human_tongue_28.png,tongue,19,human_tongue_28.png,512,512,3,e52e37d86126a9ba4e578efaa7cefafb4065361dfafe926716223e3f84355e5c,0
img_nuinsseg_000398,data/raw/nuinsseg_human_22_original/human_tissue_image-tongue/human_tongue_29.png,tongue,19,human_tongue_29.png,512,512,3,e0683fa21dfe9cf55f8e9e23f7056bb2ab435c6fd63490f7f6a4bf69f0c313a6,2
img_nuinsseg_000399,data/raw/nuinsseg_human_22_original/human_tissue_image-tongue/human_tongue_30.png,tongue,19,human_tongue_30.png,512,512,3,70d461574ec2e4e0ff9d1ae0d9f5123564ad1047b343c90f36fa099ca022414e,3
img_nuinsseg_000400,data/raw/nuinsseg_human_22_original/human_tissue_image-tongue/human_tongue_31.png,tongue,19,human_tongue_31.png,512,512,3,522a615b45287d6779fe0ae9cb70813e41428b8e78170e33b393c3df7f856967,4
img_nuinsseg_000401,data/raw/nuinsseg_human_22_original/human_tissue_image-tongue/human_tongue_32.png,tongue,19,human_tongue_32.png,512,512,3,6c8e036bd06c929fa87a3abab53babaac0c374aedad1c0c145c0fefc9c7542d3,1
img_nuinsseg_000402,data/raw/nuinsseg_human_22_original/human_tissue_image-tongue/human_tongue_33.png,tongue,19,human_tongue_33.png,512,512,3,162977fc1df5c977391b12d37d7233731250e38d943d22ec05cd35409da436ea,3
img_nuinsseg_000403,data/raw/nuinsseg_human_22_original/human_tissue_image-tongue/human_tongue_34.png,tongue,19,human_tongue_34.png,512,512,3,596104d533c9068ecaa9f00a96852636d822c943ed39dc1bb465d6c4bf5c3206,0
img_nuinsseg_000404,data/raw/nuinsseg_human_22_original/human_tissue_image-tongue/human_tongue_35.png,tongue,19,human_tongue_35.png,512,512,3,8537fd643bda35463ede6eb3704d08af4183256c1596b2679f8391d83b4d09c9,2
img_nuinsseg_000405,data/raw/nuinsseg_human_22_original/human_tissue_image-tongue/human_tongue_36.png,tongue,19,human_tongue_36.png,512,512,3,bba6b60c1ebc188353ba6bb8b60ce61438340cff46f3c3fe0104dc834f963ae7,2
img_nuinsseg_000406,data/raw/nuinsseg_human_22_original/human_tissue_image-tongue/human_tongue_37.png,tongue,19,human_tongue_37.png,512,512,3,84968699881db66cd23ebfd7c7a9b172439cf5ace427ee163da8be48b4b1ef7f,3
img_nuinsseg_000407,data/raw/nuinsseg_human_22_original/human_tissue_image-tongue/human_tongue_38.png,tongue,19,human_tongue_38.png,512,512,3,c0a770e5be9772720499644c0f083b2d5beb13b786a314f315d7fe88b0e8926a,2
img_nuinsseg_000408,data/raw/nuinsseg_human_22_original/human_tissue_image-tongue/human_tongue_39.png,tongue,19,human_tongue_39.png,512,512,3,bd56aac952016d5c84e343b14a6dceb59fd59a7d5eca9c8cd255a86e3b9666cc,0
img_nuinsseg_000409,data/raw/nuinsseg_human_22_original/human_tissue_image-tongue/human_tongue_40.png,tongue,19,human_tongue_40.png,512,512,3,008f7b43b1d02f35cb0d5f2abcd9eb09549295e06bed14330413d3091d6ca3a9,3
img_nuinsseg_000410,data/raw/nuinsseg_human_22_original/human_tissue_image-tonsile/human_tonsile_1.png,tonsile,20,human_tonsile_1.png,512,512,3,58682ee91ff617af419c09b0957d32e160e9036f7ee13bb40227687ee189e3ce,1
img_nuinsseg_000411,data/raw/nuinsseg_human_22_original/human_tissue_image-tonsile/human_tonsile_10.png,tonsile,20,human_tonsile_10.png,512,512,3,0eb813581e4c928614ae0ed2892d38172f8a11c0ca0f911dbbe9d6f113ba48fc,4
img_nuinsseg_000412,data/raw/nuinsseg_human_22_original/human_tissue_image-tonsile/human_tonsile_11.png,tonsile,20,human_tonsile_11.png,512,512,3,66af3470866216fc4b6d94fd419efae7c60f9a1782202a7563e6b681da1663ea,2
img_nuinsseg_000413,data/raw/nuinsseg_human_22_original/human_tissue_image-tonsile/human_tonsile_12.png,tonsile,20,human_tonsile_12.png,512,512,3,46508a2e4b9b4a0b5778e1b1888ff2d0d4e6c20754869e04484c7a0e8884c757,1
img_nuinsseg_000414,data/raw/nuinsseg_human_22_original/human_tissue_image-tonsile/human_tonsile_2.png,tonsile,20,human_tonsile_2.png,512,512,3,7c4ba264be0d3b5c30d8166b4b9a327df6f492545ec7c269390daf050149f381,0
img_nuinsseg_000415,data/raw/nuinsseg_human_22_original/human_tissue_image-tonsile/human_tonsile_3.png,tonsile,20,human_tonsile_3.png,512,512,3,e6817ac36c37c0965ba166cf7f45e4246fe7a2e359f721cc0fd00b224c0859fd,4
img_nuinsseg_000416,data/raw/nuinsseg_human_22_original/human_tissue_image-tonsile/human_tonsile_4.png,tonsile,20,human_tonsile_4.png,512,512,3,51d8f5e051437c3ecc5a27a29e06fe86bdcbc6f39dfec5aab274e867dc3c796d,3
img_nuinsseg_000417,data/raw/nuinsseg_human_22_original/human_tissue_image-tonsile/human_tonsile_5.png,tonsile,20,human_tonsile_5.png,512,512,3,e98595e7c612f3bfa181482e3d53864a73ec6116e61f74bc920eae381545cb28,0
img_nuinsseg_000418,data/raw/nuinsseg_human_22_original/human_tissue_image-tonsile/human_tonsile_6.png,tonsile,20,human_tonsile_6.png,512,512,3,ca844617c0acebb15afecc19795fbd799c93c6f3ddb5edf45291c2ec179f0990,4
img_nuinsseg_000419,data/raw/nuinsseg_human_22_original/human_tissue_image-tonsile/human_tonsile_7.png,tonsile,20,human_tonsile_7.png,512,512,3,f30ca068e168a79321e3e5570ca4c98e7d12748ebae73ce0be556d188ff8ffb4,3
img_nuinsseg_000420,data/raw/nuinsseg_human_22_original/human_tissue_image-tonsile/human_tonsile_8.png,tonsile,20,human_tonsile_8.png,512,512,3,238a685b27e0699b0b91c09a95b5ecca3dbc70b2388d62799b5559ebf10db844,0
img_nuinsseg_000421,data/raw/nuinsseg_human_22_original/human_tissue_image-tonsile/human_tonsile_9.png,tonsile,20,human_tonsile_9.png,512,512,3,16cacf92eeae3060d378d8c06f493fd72c7a59cfdda72ff066bd4be1f1714516,2
img_nuinsseg_000422,data/raw/nuinsseg_human_22_original/human_tissue_image-umbilical-cord/human_umbilical_cord_01.png,umbilical-cord,21,human_umbilical_cord_01.png,512,512,3,f48531d19853e11df08fc69b41c4af0db90b721c2304711df96176fae5c121be,0
img_nuinsseg_000423,data/raw/nuinsseg_human_22_original/human_tissue_image-umbilical-cord/human_umbilical_cord_02.png,umbilical-cord,21,human_umbilical_cord_02.png,512,512,3,1f290b9877155d5c62bcf3e51b4eb76e03179619f5051458cf7119b15abd7247,1
img_nuinsseg_000424,data/raw/nuinsseg_human_22_original/human_tissue_image-umbilical-cord/human_umbilical_cord_04.png,umbilical-cord,21,human_umbilical_cord_04.png,512,512,3,2b3feb81bb2e52a68a4be40d72575dca3f954f5f773f43bfc5f7903b1390dccd,3
img_nuinsseg_000425,data/raw/nuinsseg_human_22_original/human_tissue_image-umbilical-cord/human_umbilical_cord_05.png,umbilical-cord,21,human_umbilical_cord_05.png,512,512,3,1b3b222bbef81be21668b8503c15af8480135b389feb4700792595d91769796e,2
img_nuinsseg_000426,data/raw/nuinsseg_human_22_original/human_tissue_image-umbilical-cord/human_umbilical_cord_06.png,umbilical-cord,21,human_umbilical_cord_06.png,512,512,3,627801967e7ee545f270dbc08f9f7a1eecd31ae22a4c7ab37a531c7e2293f32c,4
img_nuinsseg_000427,data/raw/nuinsseg_human_22_original/human_tissue_image-umbilical-cord/human_umbilical_cord_07.png,umbilical-cord,21,human_umbilical_cord_07.png,512,512,3,4000ea2495af6fae86f250e106fa0d23dc1f2cba315cf9cdf5ed49658dbab7b4,1
img_nuinsseg_000428,data/raw/nuinsseg_human_22_original/human_tissue_image-umbilical-cord/human_umbilical_cord_08.png,umbilical-cord,21,human_umbilical_cord_08.png,512,512,3,cc4caf084a6ec0471c3c6b0d54f922b8459f75040d6e22aecba3429fcc85430a,4
img_nuinsseg_000429,data/raw/nuinsseg_human_22_original/human_tissue_image-umbilical-cord/human_umbilical_cord_09.png,umbilical-cord,21,human_umbilical_cord_09.png,512,512,3,4172fd7478159049d7f31f741a16b6fd3cb998d9ced91d272fb0d033bb2e7b37,3
img_nuinsseg_000430,data/raw/nuinsseg_human_22_original/human_tissue_image-umbilical-cord/human_umbilical_cord_10.png,umbilical-cord,21,human_umbilical_cord_10.png,512,512,3,afa77395ce2e70e95a265ecb2462f5dfb693792094af6dfea0d5de7d8f9d69ba,0
img_nuinsseg_000431,data/raw/nuinsseg_human_22_original/human_tissue_image-umbilical-cord/human_umbilical_cord_11.png,umbilical-cord,21,human_umbilical_cord_11.png,512,512,3,678288984882258602775519a655e91318a3b0e2b74fd9159dd59c8004df42ad,1
img_nuinsseg_000432,data/raw/nuinsseg_human_22_original/human_tissue_image-umbilical-cord/human_umbilical_cord_12.png,umbilical-cord,21,human_umbilical_cord_12.png,512,512,3,e44e09d38025fe5d173928ff8a1b97591a005a881efd3d6e40bc3ffb076381c4,2
